timestamp,internal_temp_c,external_temp_c,battery_voltage_v,battery_current_a,battery_soc_percent,battery_capacity_ah,energy_available_kwh,power_load_kw,energy_loss_percent,tank_pressure_bar,structural_integrity,critical_modules_status,telemetry_link_status,estimated_autonomy_min,launch_decision
2023-01-01 00:00:00,27.116786389479916,-3.0491506744486223,51.47967326242481,87.10905921285736,99.95425639603508,118.41638527156853,6.093248275756032,20.807711208727074,7.710292393201942,136.23999037240912,1,1,1,88.6181140022099,ABORT
2023-01-01 00:01:00,21.24665519039253,17.59365013357699,48.626342147660154,25.03513456871685,78.29073801495215,88.0897045436819,3.353568193056253,15.391121405301503,2.323917314731549,124.30462140482263,1,1,1,159.03980030812568,READY
2023-01-01 00:02:00,18.700454147478645,6.543747575517905,49.6382030176708,49.58262322636067,83.6541328703863,92.3552140820691,3.834995618812636,22.521662050675065,5.045121132721964,139.39258949892982,1,1,1,119.88726308059795,ABORT
2023-01-01 00:03:00,34.384232104713085,-0.7548865531748481,46.92456326327306,71.29567346905284,67.69877853529786,81.31886112277469,2.583285223996458,23.24464267510399,5.067088026355436,119.28778644446163,1,1,1,45.03137187005982,ABORT
2023-01-01 00:04:00,29.605725175469875,7.52687711645363,51.50202894569796,114.338125368543,92.84705798120211,85.45987373396216,4.086530384307055,19.95843592955442,6.542990133703234,127.16891547931695,1,1,1,145.44015367203087,READY
2023-01-01 00:05:00,27.51384414667451,29.026621530367976,51.20615849988005,103.59418475040601,80.58940080927096,94.16357952337486,3.885823606432131,11.456342832891917,7.310889129051831,104.92441519073226,1,1,1,53.71713674546559,READY
2023-01-01 00:06:00,34.47938136089384,3.8606627347647535,50.35291617581938,115.03013358459495,64.97728785518483,95.11907134821502,3.11210190379215,21.255269748959073,5.071247510802857,131.5432339018221,1,1,1,62.48995700177493,ABORT
2023-01-01 00:07:00,33.7526070753197,12.07926908391006,49.90983391030986,52.132281662887806,68.96217559428018,89.29669936657072,3.07349481769767,19.490707254803514,6.65417705353768,98.97732384847038,1,1,1,129.26919284522256,ABORT
2023-01-01 00:08:00,26.598320595249696,-2.6200728172296897,48.61440739644092,22.607841342169436,75.05035673207448,107.68060393224559,3.9287576498800565,10.553060391309925,6.132242522012822,131.86943576482975,1,1,1,123.33552187087231,ABORT
2023-01-01 00:09:00,34.98657279812579,3.139660803015648,48.44632302908334,40.62648519995113,78.9809347243875,87.12063282998318,3.333528030065903,9.832198259437595,5.210211534044578,97.69593650018412,1,1,1,77.60879953854466,ABORT
2023-01-01 00:10:00,30.488859721369543,19.683723967829817,50.423385236381726,41.92595880076635,78.72300722416675,109.49693468694774,4.346459492648037,24.44543044167749,2.874631328462829,106.05620299161255,1,1,1,139.90271130216937,READY
2023-01-01 00:11:00,22.82158488704098,11.592012878441054,47.938007456529306,64.1785650595676,76.88824866761617,119.66418785290819,4.410665728238622,12.10569261302195,4.3207938825108,97.15833612705188,1,1,1,100.25446768871974,ABORT
2023-01-01 00:12:00,32.517536717822004,15.705135303388417,49.8402986747227,68.66413861165483,86.38571001419074,80.99619278869952,3.487282647465405,20.367365589958883,3.572375946050902,117.05184548322794,1,1,1,132.72207709556164,READY
2023-01-01 00:13:00,19.635188927662412,9.066901290474288,49.04101811161466,108.40623910208711,72.81782983256137,110.59317827380654,3.9493493179335224,8.094398313044573,3.6264033439831085,105.15766497664762,1,1,1,88.02701346164193,ABORT
2023-01-01 00:14:00,32.84926242988636,6.61157294392315,48.17021638379608,42.09698037335799,77.45555623174823,114.40352533870075,4.268453766140779,8.126885400510295,6.591117545002606,121.55644239275901,1,1,1,162.22134654149625,READY
2023-01-01 00:15:00,31.25918527123651,-4.1269501108891955,50.96149388283443,35.747734372619504,73.0496985994529,83.15387522701356,3.095587414276786,9.562668873653964,3.176175400529716,104.01127442534658,1,1,1,59.03249519006905,ABORT
2023-01-01 00:16:00,25.46794455480699,27.32075595232572,49.83217649837702,27.711212299958127,79.16632461734551,116.92060098376729,4.6125530902221,19.340873241772435,4.965087004826976,129.35425380384285,1,1,1,152.18279666061972,READY
2023-01-01 00:17:00,18.333380881188837,26.142496983421523,51.44937272232514,32.330218057355026,73.70257567093013,96.71810903220859,3.667503579521286,6.416592031748358,6.252537465293049,108.204211196275,1,1,1,103.5975203418786,ABORT
2023-01-01 00:18:00,33.253454727660326,10.901094736956562,46.784746950964724,27.330002418078898,61.40964129418326,112.09401620507796,3.220499789727708,9.020271411117083,6.034199170890367,98.80811198722597,1,1,1,111.41479603506828,ABORT
2023-01-01 00:19:00,33.85647087863171,-2.013972255076351,46.03881322240531,37.85208098566682,73.21570031459764,107.97090219517673,3.639444249554143,24.875485199551324,7.152255156893688,119.20864521543577,1,1,1,164.20273861817168,ABORT
2023-01-01 00:20:00,28.356482566513385,6.757451011486815,51.38463945940364,55.25528111479732,83.0083509148582,92.50525851467897,3.9456769143645425,6.363487350832999,3.2414546719321646,113.09225556865952,1,1,1,155.6284663231678,READY
2023-01-01 00:21:00,27.927099789743316,21.930208781749105,49.37996668739611,26.676760907128564,80.0976404976115,119.9111023349361,4.74274648623459,14.442653682381671,7.997247474794765,105.63567449167112,1,1,1,140.00523119650742,READY
2023-01-01 00:22:00,28.677563921320353,19.865206657657488,48.083264232728624,30.657131298801204,89.29458774523415,117.1186271880853,5.02857639841063,10.227309701756852,5.993043163580683,122.78706326883875,1,1,1,176.57482707660944,READY
2023-01-01 00:23:00,21.76602142561164,7.4628505289998905,50.262880846185595,78.3257937934095,73.553350117807,106.06019353795219,3.921048826245762,22.5155464920659,6.7182316491033145,121.017503738951,1,1,1,63.418310062385316,READY
2023-01-01 00:24:00,21.77130611644467,6.313503797769432,46.529492338220486,37.729677954998124,78.70569552282984,111.14741825765287,4.070369680220065,6.282865989779809,2.334129553686232,130.58488779203134,1,1,1,176.59414267612595,READY
2023-01-01 00:25:00,27.205339563572732,21.809817888714274,46.6851374909374,24.818949866552522,82.91784950426955,87.17995085628237,3.3747631017664843,21.795135972355716,4.926811180043933,110.83638091404487,1,1,1,66.00750831426262,READY
2023-01-01 00:26:00,24.68676791677692,4.308755641346993,46.71822376934557,50.06548051770641,91.25302896887239,80.39337905936725,3.427313996727747,15.801525757799533,2.270044525731538,116.99636567335013,1,1,1,133.0684098912478,READY
2023-01-01 00:27:00,19.53461844957972,22.892264888182392,48.527385162949464,87.89982744468833,70.2176261860746,111.73715064766103,3.8074185927936486,12.109754072315829,2.4562898416925885,110.67950995408407,1,1,1,125.51849686348442,ABORT
2023-01-01 00:28:00,28.148481143543258,25.856454209986993,47.67680613001884,116.92520327696026,92.60962435353638,95.7677251235856,4.2284621569644,10.472782943014977,3.493966742540133,111.42786792657397,1,1,1,98.86758961001196,READY
2023-01-01 00:29:00,27.121466274182318,26.694252125517384,51.45802994611523,44.625017823900464,60.24311709825452,98.5102514855511,3.053810037078613,21.179311925403827,3.4539619695653463,114.30887951026136,1,1,1,179.8758954392629,ABORT
2023-01-01 00:30:00,18.43618178526187,3.110372899525185,49.73369599093743,32.361955244622216,84.82213969299151,103.9093611575875,4.383435632800422,12.814127864073255,2.476091750692984,115.60967940915475,1,1,1,88.51765215051114,ABORT
2023-01-01 00:31:00,26.769709406025328,-1.1545417046804571,49.3114699647479,90.53945762869519,80.66126661192718,110.98420242859405,4.414425092245418,14.703400154413995,2.2312795677202786,129.85869514105227,1,1,1,169.98556896880933,READY
2023-01-01 00:32:00,33.599571144004436,6.448439149132458,47.62235812754246,28.372474610466142,80.99435964929847,95.50648315382374,3.683821057936114,23.4384807245014,3.242517842046031,105.38051406725273,1,1,1,128.03084975144375,READY
2023-01-01 00:33:00,27.578814460883265,21.15859531628732,51.58624967303213,64.78409705142707,68.45190776804249,86.83701841948148,3.0663689996851593,21.040063760846493,3.3080082776971116,130.29151341448085,1,1,1,56.3076404467523,ABORT
2023-01-01 00:34:00,33.52712224317361,14.33945969499618,49.20332875336492,104.7808099305696,77.39133026950533,94.54709055935396,3.600269123906263,18.18960073741733,5.055358999183116,117.65551254727859,1,1,1,179.06863490835264,READY
2023-01-01 00:35:00,28.054135428328294,13.355828600996091,48.956511156273095,30.27765731643445,99.00497080112841,91.91024357892374,4.454832482905294,5.76125916895262,6.687344941326506,125.04036117002693,1,1,1,178.40035914780358,READY
2023-01-01 00:36:00,26.301527331236286,13.261935197880923,51.79121689635491,29.185050365724045,85.18429509847843,105.5245064460442,4.655528385277714,12.944152020041813,5.825508673605459,102.09917000918105,1,1,1,71.29176806818579,READY
2023-01-01 00:37:00,22.366087416787327,-0.9374758284983731,51.42460652863885,34.200460583594996,84.99421833146769,81.10214919473201,3.544808061387357,8.61387463792978,4.511213545379455,97.86363193706734,1,1,1,102.60845492375479,ABORT
2023-01-01 00:38:00,21.84144891264068,13.146678062560088,46.11509746990368,74.82426975902717,64.74487583170342,92.65641477306703,2.766457641493595,10.68611083998748,7.004544727297951,111.6004067381505,1,1,1,52.89952316265049,ABORT
2023-01-01 00:39:00,29.276893600157877,26.222776946174687,48.886226968891876,30.494436136374716,92.18593801992063,110.51014077642463,4.9802750782983845,10.731192399519474,4.622219150562154,142.87581647714026,1,1,1,100.93952064460203,READY
2023-01-01 00:40:00,19.13355714160139,21.68017249500403,47.239858478818554,111.2755355324408,68.84736197648985,112.72071658558161,3.666060543957546,23.776701636130024,6.607071205829685,138.45913759379806,1,1,1,84.2811593305129,ABORT
2023-01-01 00:41:00,23.07405117909152,21.049342922448304,48.773296841956714,35.95971603071579,79.73799922773495,113.82646037090392,4.4268079168785155,18.671681293640624,3.947927424610434,126.25120694676116,1,1,1,122.89315213421386,READY
2023-01-01 00:42:00,21.409469361639044,21.81198931109481,51.31508659793452,103.74954324068173,94.9853007067699,105.47201566752699,5.140894766082714,11.813995484518964,6.199937646691416,122.14206725333969,1,1,1,176.24143284483173,READY
2023-01-01 00:43:00,21.91137878857294,-1.1738149282213142,48.55060556841001,88.20445729695588,87.9240984390478,104.67920570232918,4.468512669394836,14.838375026454605,4.657755222662235,103.67803109504692,1,1,1,58.54536316199423,READY
2023-01-01 00:44:00,24.322749779488042,18.31947624668017,47.911769119217105,76.53863186415862,67.09442006775966,94.22462779798279,3.0289565346315666,6.894013482465075,5.189060452568054,114.39575209050273,1,1,1,141.59967983571875,ABORT
2023-01-01 00:45:00,26.10612187141239,7.373906162553963,49.65686430443802,114.86638149501778,96.31574480010913,89.16105829234039,4.264339700169122,13.867534393302742,4.97777427677895,125.96019436721411,1,1,1,123.04031801552513,READY
2023-01-01 00:46:00,26.64499485261641,-4.006631822466595,48.12880127580518,119.66904016693579,91.09999546595043,90.76463103114813,3.979605724515288,16.87108655783227,4.943425200230559,119.32913438220113,1,1,1,111.44145048638815,ABORT
2023-01-01 00:47:00,20.639203654564827,6.307762932261539,48.24408537860859,47.64386150438971,66.52466526461954,117.31037729729249,3.7649846241637324,18.200847967108906,4.655600003913596,99.06098829910373,1,1,1,84.19673056008423,ABORT
2023-01-01 00:48:00,29.655560908419332,27.495006762289037,49.84439738914854,112.4566186885706,74.4933851500099,83.97426486503885,3.1180298639084003,11.53892070635366,6.224527461340465,136.80683072165866,1,1,1,75.88983149831488,READY
2023-01-01 00:49:00,25.577812726977566,-1.3893040993555381,47.687287611359444,46.403647000187576,75.1014049430352,90.90618013541098,3.2556978427355165,21.185592228704234,7.9752498831873515,108.99446746316323,1,1,1,108.62509296870968,READY
2023-01-01 00:50:00,32.08923750479095,25.42140382633821,47.73646892012164,106.13442457086342,61.93430174945583,86.8413389422286,2.567485783747637,7.2461043320808605,2.5646886378331604,120.05590636813982,1,1,1,143.25628690366253,ABORT
2023-01-01 00:51:00,20.108351745473954,11.540023023272127,49.82881676226751,68.6901560938908,74.32006816850848,82.007621494013,3.036972713336988,17.100569191315195,6.1560295075846145,110.88274583574422,1,1,1,176.72070158581266,READY
2023-01-01 00:52:00,25.508651897090193,9.392476914121815,51.7407263347556,93.86044099340768,71.52585849703084,84.49806381038643,3.127104235945852,11.132142163846105,7.630882934591538,143.1553077923921,1,1,1,179.22594030016535,READY
2023-01-01 00:53:00,29.433230509173363,27.314936543253182,46.3576904221674,38.64874071464365,68.31344593167336,82.71528360680236,2.6194719185971254,6.855456555199204,7.52663100729471,97.32764729513602,1,1,1,108.74730296014911,ABORT
2023-01-01 00:54:00,30.619967920046022,0.5745730640025934,51.12555241412395,41.52371083911706,92.80059060199838,98.14687914905622,4.656560483700383,24.525739666326288,6.266841423165696,97.204942199523,1,1,1,87.99908586769217,ABORT
2023-01-01 00:55:00,22.507442355139105,25.11295927378888,50.839739886415174,50.29810878624592,62.63590615406132,100.3293362271242,3.194880536766419,17.836877213413185,7.295378349176873,127.99028754235842,1,1,1,105.69810463749667,ABORT
2023-01-01 00:56:00,22.72525800907051,28.37255103168433,49.30994380666832,87.71608390616659,72.32673766558968,97.7240630692036,3.4852577323857825,9.254525428610236,2.8509991767283727,134.07520308916168,1,1,1,100.48643082487709,READY
2023-01-01 00:57:00,26.387018178599703,2.9753690434753457,48.260068863962516,102.37548440581844,88.01223021060862,100.0857566980831,4.251118786253777,12.626889113027213,5.0349113938916465,143.15579572829162,1,1,1,141.69323734811303,READY
2023-01-01 00:58:00,28.224017302685414,23.209254516988008,51.72778742768409,118.1609067316327,68.73789723149366,98.32478673621955,3.496094459401549,13.945864982295822,7.685377347539206,132.3772603411851,1,1,1,178.76661405342102,ABORT
2023-01-01 00:59:00,26.079503876415437,12.416603286498166,50.015715321974284,93.55054628702392,90.41097714304253,90.03640636040471,4.071419009875614,16.944692963129228,7.449670095435074,113.17428197272233,1,1,1,145.61820969741558,READY
2023-01-01 01:00:00,24.112440577814656,19.453090348481872,46.639172985942885,40.33933190750441,82.81910825086396,103.12762764776205,3.983422922045647,22.396845065510327,4.34156957399889,128.20133014218476,1,1,1,61.1447795656929,READY
2023-01-01 01:01:00,24.509696726968755,-0.6267826967071253,49.02136814968998,20.38365418549091,74.45796849753503,111.7880730086077,4.080299861731294,14.198539501610759,7.794326980837042,134.12043506267776,1,1,1,157.88123302839261,READY
2023-01-01 01:02:00,31.186378664650647,29.70965418119608,49.290418847823375,40.878042211850826,91.37590100573884,113.4639245255284,5.110365727994817,22.553725971957597,5.072520105798073,117.84322985098684,1,1,1,112.46839337989275,READY
2023-01-01 01:03:00,25.770997534069647,16.60324102276586,50.77019577266654,65.39521634950562,97.51789309951387,104.45262955053272,5.171452325431543,15.491666260769412,5.678678601227346,124.18238027470406,1,1,1,137.2567402474624,READY
2023-01-01 01:04:00,18.713313975386047,11.894504791604326,46.45870663738636,73.14777407442713,67.896678766333,91.11376326208818,2.8740851503189653,21.12399062481434,7.88222707717166,106.55649047420822,1,1,1,142.07177731155235,ABORT
2023-01-01 01:05:00,20.30462026211936,11.454858580146517,49.41560707742495,89.40839871869015,95.42626418321616,102.70112779866903,4.842919720563232,24.591867632119147,7.428878350591995,127.23939710036507,1,1,1,68.60063515941548,READY
2023-01-01 01:06:00,21.112893606863647,25.269475895552524,46.032675598972034,96.10670752058601,99.33274424605396,88.9255812333054,4.0661684362893995,19.4137843617457,5.870832503504144,122.02476380845995,1,1,1,108.17825197345778,READY
2023-01-01 01:07:00,31.43887493835378,-1.733892433074054,46.60467134526365,24.62239733912221,93.71657986724735,118.02738236403046,5.154999837548767,16.302805413278197,4.785682463259989,99.48959681215497,1,1,1,96.84152799458715,ABORT
2023-01-01 01:08:00,33.99296614162559,-3.961981536959438,51.42770669246832,80.17878281905413,85.42424922314882,103.17278347221396,4.532559107729752,8.474613773732143,6.935626723737191,129.33017114831824,1,1,1,159.9906413324391,ABORT
2023-01-01 01:09:00,33.525873351795305,0.34737360977642684,50.00377633402137,60.65140103987754,83.735534434147,85.27604031724027,3.5705870594176767,11.791915135097856,4.651549134451696,102.24023557757313,1,1,1,53.29339175727877,READY
2023-01-01 01:10:00,33.55310334849111,0.20210906274476503,46.22472481611084,23.899797959655118,96.82503924196178,88.9757156551934,3.98229570985742,9.941525598045537,4.261299161170412,127.77166389723621,1,1,1,77.55107827416828,READY
2023-01-01 01:11:00,23.237721482122765,5.168131619797174,47.53575031143826,91.67725116749425,93.23443507516934,91.0972979637962,4.037403847230675,7.898413891656128,6.159832837162085,109.7509985224702,1,1,1,178.48450365761076,READY
2023-01-01 01:12:00,21.3610721042275,0.8841324211818549,49.92772159702629,23.899418769936158,83.3716582154706,106.34093373228585,4.426501917627962,14.188653383867017,2.8099622491904017,131.97317280297165,1,1,1,131.29083390083917,READY
2023-01-01 01:13:00,20.122376929583126,29.094351248939525,47.12911860398176,61.92586641363823,99.78887154699436,101.12918772511595,4.756066827176421,15.065791934689639,5.584043258265462,109.3006047083073,1,1,1,128.70849817593734,READY
2023-01-01 01:14:00,33.290753100973525,13.691913895136008,46.65712069306325,104.68369331360705,91.92000637274509,107.19925007774485,4.597478713217039,19.45936079130046,3.5488131039021646,135.38260750331582,1,1,1,134.65323677739713,READY
2023-01-01 01:15:00,23.581305955104376,24.678974310646502,49.38248371359728,86.24479787495173,60.65377398015483,87.3591511771107,2.616611003185437,17.65451404227942,5.2467270976513,124.06015908330833,1,1,1,169.16878153379201,ABORT
2023-01-01 01:16:00,20.879840433567836,3.280675941346619,49.44362450793103,85.16699988207286,68.9059083620968,90.01456060994823,3.066758147335089,10.6603770670179,2.2646402501340637,137.2246933864181,1,1,1,94.30404689567823,ABORT
2023-01-01 01:17:00,30.31820853148209,18.530604738418912,50.435042002568,67.19226196749273,69.33692867060668,119.6011416378146,4.182464971356934,14.53303207221617,3.162728993714355,117.01891480958814,1,1,1,139.63646742612377,ABORT
2023-01-01 01:18:00,30.64264523791425,25.615532906624388,46.93104717246401,66.64181881676812,71.00805717419398,106.98013699819953,3.565094323472642,19.69680245461786,5.935963180051661,103.91509894497946,1,1,1,171.06940324671936,READY
2023-01-01 01:19:00,21.303024571812855,9.642701064626118,47.764706921833074,42.68440197618767,75.59329327474886,115.69574210657021,4.177416324396823,7.19203001766555,5.972329749085564,97.96054344559528,1,1,1,116.11626837927882,ABORT
2023-01-01 01:20:00,28.8195712776781,21.456641993593145,51.695052686167976,45.1986422321928,74.41697098417171,107.28806585193514,4.127360344591695,21.99950514039234,2.615771814726461,130.10349244333074,1,1,1,155.06888339477118,READY
2023-01-01 01:21:00,30.808074831763058,6.386140825831754,46.10290948439792,56.302352329648194,97.29596204473916,80.13136470820382,3.5943940758062944,7.135505383375884,3.2716384457654266,128.4516713421644,1,1,1,46.72101901998882,READY
2023-01-01 01:22:00,31.71402241410438,11.29310495423826,46.753156414248906,118.92806304064821,94.5823745462784,89.42909759926259,3.9545766517499454,11.69440432478291,5.70990363889976,105.63549868790854,1,1,1,114.14134748073023,READY
2023-01-01 01:23:00,27.13083882244092,-4.4477841155876945,49.728535281763335,34.329083851444935,76.75740986965302,111.40572102334265,4.252393764612789,15.113116745471187,7.004372336700737,102.63211448139631,1,1,1,65.59554687416448,ABORT
2023-01-01 01:24:00,21.955625817866856,26.95900616474333,50.555922710031474,30.639137860895165,86.16564523672133,105.59974989985935,4.600119093273582,7.70961190158737,7.500247895500826,112.72843114771548,1,1,1,76.1391057421356,READY
2023-01-01 01:25:00,20.507725676925794,22.945789753881396,51.18402138814061,111.36486247981608,94.41359728730825,112.5658883487247,5.4397100638385085,22.100178271128332,3.935994245076514,133.9127318951553,1,1,1,53.95671219377018,READY
2023-01-01 01:26:00,21.488980713951605,8.11051595981834,47.63205250401385,85.22535102459,72.74775029231407,106.44406129507348,3.688419418608381,12.163131160817507,7.602785507975311,139.7194896134811,1,1,1,139.40035168485826,READY
2023-01-01 01:27:00,29.087024091644555,16.011099631371664,47.164856441485625,46.69554588731098,83.64481446480993,87.85045728734195,3.465784583274214,7.798293944141916,5.600220584455933,122.6929716829273,1,1,1,159.83144713370518,READY
2023-01-01 01:28:00,20.437055683535046,8.479397504191123,51.47702228595908,49.41534463323221,94.67072901726388,100.55369428007704,4.900350783035224,14.53586358909206,3.082154207318691,118.62781381314576,1,1,1,121.24399124107889,READY
2023-01-01 01:29:00,18.233089941143426,9.730323935841731,50.307464708203256,116.203168705146,72.64022722135829,93.93384923849217,3.4326675498072166,18.599196219137205,2.1171202553944486,95.35345094302835,1,1,1,115.66338183514321,ABORT
2023-01-01 01:30:00,26.862331621313817,5.381077378424884,46.3637510804826,93.38705481811631,98.07112146208442,100.51121394201681,4.57018968075309,9.58303410926873,5.144499693272127,118.10826270755456,1,1,1,156.62447697030808,READY
2023-01-01 01:31:00,19.171469719814517,12.604990758351779,47.42198296954158,88.76562767625434,96.66332791124555,89.10674853229119,4.084623671250084,15.61390726464752,6.296747827724725,107.98306806529999,1,1,1,162.94614205336245,ABORT
2023-01-01 01:32:00,26.040763195533778,6.2136696577359185,51.99776336457916,46.571144981829136,75.965197166235,114.83065717841356,4.5358343222150275,19.01054437538602,6.988500265511576,125.10741115300533,1,1,1,131.8939717728034,READY
2023-01-01 01:33:00,19.746827642880785,10.235772291487663,50.342518440080894,92.42371238418515,69.22189022246391,100.46217985635906,3.5009103484203674,18.160877440773696,2.5678179066958915,123.05959954156938,1,1,1,74.22901116193415,ABORT
2023-01-01 01:34:00,25.50510156311301,27.48871947048106,46.90225042919707,108.57351820363509,90.33251313086119,99.54720268606607,4.217614044529873,10.023788943542549,3.8735982976104113,124.934688793313,1,1,1,63.1128926675506,READY
2023-01-01 01:35:00,22.49034301152592,14.636583638729014,49.59440964384276,38.77313719265895,88.89894483379526,115.85002932293128,5.1077011536969374,13.638028212387454,2.260411253208912,99.87004150368371,1,1,1,50.07779301867707,ABORT
2023-01-01 01:36:00,30.16866295628149,2.993861143852884,49.686355291855484,61.4904551282948,93.6431019624501,119.39196402940189,5.555050718687699,17.147647036928113,6.692135951700934,120.50685967867405,1,1,1,122.31135466920055,READY
2023-01-01 01:37:00,27.384894369202296,1.932678260429153,47.371358179055555,97.65099506983096,89.98372702997581,110.74714684760158,4.7207647650517455,8.246434121940494,7.473368610488135,105.88788986088193,1,1,1,55.879263461353155,READY
2023-01-01 01:38:00,26.058600680568517,18.658050480180663,48.26202473364988,39.0564223759396,83.83376325003209,106.54330309834546,4.310728358391703,6.3265743042047,3.880285779407843,116.02677057516429,1,1,1,54.3304875191469,READY
2023-01-01 01:39:00,33.715988167561584,21.20810642249698,49.539489652266084,24.33050921407854,95.89144281688586,96.20280419147464,4.570030650559858,5.3666823204094305,2.1417759288920566,114.95346673796058,1,1,1,49.326393668719305,READY
2023-01-01 01:40:00,23.982358155769816,23.350556352194364,46.63372204291129,93.10201243506539,88.37791287884258,108.47851086529967,4.470823609689505,18.672131685501235,6.051303325576201,130.61187844191295,1,1,1,53.09814512002637,READY
2023-01-01 01:41:00,28.175110997198384,6.157301324726493,46.72124030540849,48.79554990811736,88.44308469414592,96.95937532257975,4.006526813964257,9.214466930571026,6.040883392807826,97.77100399023308,1,1,1,51.94694573190334,ABORT
2023-01-01 01:42:00,27.594446245033133,3.9944517895112615,48.23070802306557,43.32782312733528,60.616068355350265,113.82324529704042,3.327686197025593,9.312837055638498,4.753443749078601,100.92522698622331,1,1,1,76.91447288446032,ABORT
2023-01-01 01:43:00,21.759801388731123,26.01085080311776,48.4330422550576,56.22098171681447,67.31221931944008,115.13743472650106,3.753636455361163,19.685126270485526,6.79291280611549,139.96734168661243,1,1,1,149.938989539942,ABORT
2023-01-01 01:44:00,21.944556910490704,7.889178410189269,50.737728492949465,69.1264160100387,93.95801320191248,112.8228384793125,5.378508592190574,13.331821914595015,6.470910925280131,109.67521141199096,1,1,1,48.40019939204802,READY
2023-01-01 01:45:00,33.20312306169386,15.735767565895621,49.3229343292719,100.39599308330276,66.12375707175879,93.41070425456293,3.0465132680857807,11.266863857098128,2.922169014687091,140.99618499866074,1,1,1,65.44088825599749,ABORT
2023-01-01 01:46:00,24.824105419307806,24.465792863000065,50.66144531061334,97.29056672828041,95.34643303498866,96.14237665925262,4.644049923863222,23.104308187786998,5.014679168414521,143.5509213049701,1,1,1,80.41779874622816,READY
2023-01-01 01:47:00,34.14715305755103,-4.6581306475203945,46.81396597614493,95.25330640187316,66.97150585929292,100.08136124091095,3.137752635754961,8.76322403109717,5.843548576861214,115.57844082110837,1,1,1,141.90394711377223,ABORT
2023-01-01 01:48:00,19.711528703247517,22.107866915991977,48.0439377002669,41.14738367641623,64.08486913676529,86.20409202755953,2.6541287038153154,24.422626126086712,2.5618227325339182,121.44025400456277,1,1,1,102.29321597653248,ABORT
2023-01-01 01:49:00,28.379504137188164,7.981695718862417,46.87675243375765,82.31728082027294,61.8267528414778,110.8212745478929,3.21186361140114,9.959187208952521,7.493480060189905,103.70728750146836,1,1,1,110.41383484902556,ABORT
2023-01-01 01:50:00,24.73089314226283,7.376523881048827,48.848744458994965,104.97178656915854,65.84621065938441,113.61104156931452,3.654304512352078,12.779370471853866,4.036981356587181,112.8850028035278,1,1,1,47.5211159161897,ABORT
2023-01-01 01:51:00,33.07427515631893,3.006439740140154,48.19192168455592,37.08730024851002,61.685112114122205,95.20071492734621,2.830054588503163,14.613844641659773,4.1819965813188125,120.04284214559661,1,1,1,77.74679031543553,ABORT
2023-01-01 01:52:00,24.26593464288705,-3.470316979364252,46.794433496241275,72.45160939699582,75.93823729676943,94.12852753610642,3.3448447963286254,18.46699707153271,7.902897896351412,117.80537879909494,1,1,1,88.92290595133858,ABORT
2023-01-01 01:53:00,28.734808235671757,21.64936773374142,49.57115312065765,23.200842159806317,62.95079361998911,112.49140353845317,3.510343101987846,23.645210696146492,6.816186760034896,111.2438162378842,1,1,1,136.67904674633257,ABORT
2023-01-01 01:54:00,32.328691471256086,10.51695050409956,48.95439769609413,95.01988330946448,94.7448014242138,104.59348105205788,4.851228364038704,23.703352758745716,5.185454021116986,128.26439087999282,1,1,1,75.6142732265321,READY
2023-01-01 01:55:00,34.81649134229946,-0.020924251693290152,49.979735779220604,78.207590039163,62.60837312697387,108.2442627007942,3.3871252883403566,16.777683901505707,5.633244672169087,136.5602016741426,1,1,1,74.62936744056165,ABORT
2023-01-01 01:56:00,29.150310308224405,10.236793205136523,48.95032997475234,35.224449994766545,89.42226703140986,94.73150101949395,4.14663413414065,22.400525537873,4.228619058865237,110.31515953055982,1,1,1,45.908266930760604,READY
2023-01-01 01:57:00,30.986872655892547,-3.8127426317047686,46.00476574725228,107.36372443686179,78.4011200008228,113.00139225656008,4.075762647014777,8.522723800530231,3.7257139605425897,96.10686547800384,1,1,1,84.48481184038384,ABORT
2023-01-01 01:58:00,26.485802009007855,-3.598619330916054,50.52138320848332,117.77338254374087,91.78692696546645,118.95182370606905,5.516036955482415,16.175041715612494,2.0971632871420116,99.98165887798794,1,1,1,94.97281086841488,ABORT
2023-01-01 01:59:00,27.016562791969474,14.575969643586891,50.73615317174171,30.025887011055257,75.6470385212784,117.69491792435838,4.517177714134367,20.45731711861499,5.283671014922751,136.47386784628344,1,1,1,61.4505336539538,READY
2023-01-01 02:00:00,25.868061716223934,-1.3331359679527983,50.54681074762382,75.27080302963378,87.51047833849243,108.86549459182682,4.815529710452354,21.06181204171651,3.916415829841425,97.01576546681027,1,1,1,55.24783504164962,ABORT
2023-01-01 02:01:00,25.947529277654958,18.62726252541163,49.61629656548887,113.05933665701383,75.28224634570714,89.20139490251763,3.331873927403029,15.929527580112188,3.6987553355190936,143.05147283483296,1,1,1,126.18215432270156,READY
2023-01-01 02:02:00,33.9776969420834,8.436795129911523,49.87753565655905,109.91690377528028,93.93670297500003,104.34601631689571,4.88895651281183,5.903420446996003,7.2953726672761,118.44317215853746,1,1,1,129.60293952613475,READY
2023-01-01 02:03:00,26.711560822612444,26.495115733402294,49.3910833250175,37.42818662783332,67.05046427270028,82.685306189583,2.7382852069369754,7.502138825201456,4.9027391142028875,136.48791300001744,1,1,1,65.5638202762739,ABORT
2023-01-01 02:04:00,28.35934981812624,2.3759390844239263,48.297544686086276,40.06924157107618,73.37229358930836,113.83248353135556,4.033883572492191,16.21690247158756,6.14899035059222,95.04824519917608,1,1,1,138.37820838469298,ABORT
2023-01-01 02:05:00,34.53499262084094,10.819602117002782,51.6852693725217,27.98900376905617,92.42677887732894,89.58928309094482,4.279772297524212,5.59508033257705,3.623705926606556,142.1472043915999,1,1,1,134.07148612174686,READY
2023-01-01 02:06:00,29.272069564811545,10.060047649852667,47.89864541271141,45.50416193693904,64.88920364062028,88.34106605768176,2.7457330525829056,19.911392127038713,3.240843313744882,102.83296664762976,1,1,1,166.54895676221165,ABORT
2023-01-01 02:07:00,33.45365962765459,18.709978668858117,48.613113885657974,22.487454231624653,79.16933226892374,119.05828716384228,4.5821579206368375,6.870895684389868,5.117875061192201,106.52148545979851,1,1,1,103.15734468477933,READY
2023-01-01 02:08:00,34.530085768832635,29.837977025741715,46.739001366314326,113.3900196387986,88.11973461985782,107.00262748064443,4.407040600736508,21.121390929453316,2.2591943073117093,96.61322579597058,1,1,1,126.72659338061023,ABORT
2023-01-01 02:09:00,34.58305729137369,4.867944595768256,46.78293463502859,117.12327474267799,98.88898406778105,82.16761968068329,3.8013344573471657,19.980446623706626,6.040468889170893,109.33373345133805,1,1,1,119.2203915514731,READY
2023-01-01 02:10:00,32.78407030751613,-4.853810273987692,49.79798117675941,76.69952635064936,95.7549615673521,119.59353741669115,5.702702751293557,15.39860547366235,5.438318836172622,134.94834571787743,1,1,1,104.58834317890721,ABORT
2023-01-01 02:11:00,27.752445453151253,-4.1432990889140315,48.0764770856949,20.30741063726988,92.15906918746734,96.93324744806164,4.294805282466193,23.981099025800916,3.9608200753618115,110.00703389489217,1,1,1,75.05098417615994,ABORT
2023-01-01 02:12:00,21.781624162996113,13.43137181631543,50.103582109294386,78.13466408734793,90.69268201102882,99.6444213629378,4.527870646168722,22.975627484933295,2.1565793086103273,112.45407241713289,1,1,1,159.16471306931214,READY
2023-01-01 02:13:00,29.405256830042326,18.92543223733288,47.592809849796666,54.05518717794164,92.83012973544476,80.22540475381518,3.5443958575812786,11.42386275478357,6.076225314205821,96.27791425573245,1,1,1,109.08139549154279,ABORT
2023-01-01 02:14:00,28.100024088797433,20.369419765890722,48.64500782150251,67.15884557430707,69.57879775371293,107.46417706999128,3.637298263211899,18.804577811877316,2.1110108660944333,108.94686927552732,1,1,1,103.49233728825291,ABORT
2023-01-01 02:15:00,33.691447669991874,7.151071204395775,50.71097693961394,96.47303853123533,91.68877244369111,94.5796713132253,4.397602146708035,21.724520016226112,3.6326515254058354,118.17552438049469,1,1,1,54.271403326226554,READY
2023-01-01 02:16:00,27.052678647604935,29.038993755819583,48.35765374626724,77.78001441898039,62.97914551137541,112.7773891525584,3.4346621282745664,18.290447959703084,5.641944175151975,107.76217978691318,1,1,1,89.34314473318679,ABORT
2023-01-01 02:17:00,24.873234957435884,27.41680137862474,48.40042897837435,50.51195551289082,71.27158539932208,100.15817594718365,3.45503170571216,18.216513811674766,3.081469643519533,95.6035254335701,1,1,1,172.95710274884206,ABORT
2023-01-01 02:18:00,29.784696048472995,2.1196661384383244,46.1273488280449,22.958372950860067,64.61225857921262,89.81046152686119,2.6767039811954887,10.986113021259808,5.646345158361147,119.93948377080869,1,1,1,109.79636589929343,ABORT
2023-01-01 02:19:00,25.778032955940827,17.82938996699152,47.300778314164084,109.16377348299778,75.76248361856186,87.96462354248654,3.1523217497332054,17.405165546148723,3.1485339312867877,144.84541540722336,1,1,1,167.58594624996488,READY
2023-01-01 02:20:00,25.32411964626721,-1.1737490757744045,48.906214817220715,22.890773765808753,82.72155503625957,103.14332463420658,4.172764423572901,8.496231521663038,5.301344828547075,100.9934169246915,1,1,1,115.82179005511296,READY
2023-01-01 02:21:00,24.55435934046773,12.039320498828289,51.36254802905156,105.93434853064205,80.95711925254878,97.2159855540248,4.042400041518231,23.425715546715587,6.6474885214515345,133.53129179800573,1,1,1,125.72615789614775,READY
2023-01-01 02:22:00,29.2979273360709,15.923247839672285,48.26075847793197,30.79202981738493,68.8053158030842,82.38155367470274,2.735559175773426,20.138207945078186,5.87721205736582,140.9688255822536,1,1,1,142.5662077905847,ABORT
2023-01-01 02:23:00,31.60827480754574,17.864993412288918,46.341049179536896,52.57484932044636,67.48456387349091,111.38304211637143,3.4832879947333732,5.2060960631179,6.98625181092704,124.97895715543129,1,1,1,164.37855429851243,ABORT
2023-01-01 02:24:00,33.93107568537529,21.66718991952851,46.31428369439194,98.03449842204145,77.50196576349346,90.57318371605515,3.2510773579190246,18.127956969917825,2.1918398524505505,133.47368251156752,1,1,1,68.49107477000453,READY
2023-01-01 02:25:00,34.68374546236064,19.503242812331287,51.296116865159604,63.86997185989443,99.99827635075903,81.89891933405907,4.201024125121596,24.401095318639328,2.358657816674126,135.36045843637623,1,1,1,91.19934793228023,READY
2023-01-01 02:26:00,31.192166782575896,21.677704059499316,48.72142185149963,84.2116665153927,66.28046887935206,114.49651618735943,3.6974115920610697,13.904447437232816,4.38529957383299,126.2425466745978,1,1,1,137.25945413103818,ABORT
2023-01-01 02:27:00,32.147340429917065,11.465142037258317,50.314007209583,71.71612544152353,77.9190235404232,97.78444491991938,3.833559285100683,21.961940851748203,6.2789756775068835,103.46760495008448,1,1,1,139.19772521695108,READY
2023-01-01 02:28:00,31.151484729590603,-4.7718021616720785,50.1746990203664,64.8145926017294,90.57633548249932,86.71117386548552,3.940711013834131,10.40062486127148,2.257585419159784,112.8191934551513,1,1,1,87.33607406638868,ABORT
2023-01-01 02:29:00,22.470299627715605,22.123563923988268,46.57257997770071,88.97070447384334,96.157942940927,105.63206072997501,4.730545386642454,14.917196691373366,4.365843786140925,120.26035152694556,1,1,1,179.05324798171964,READY
2023-01-01 02:30:00,22.532243264862842,14.097481957654008,48.36514994491917,72.36690289339981,70.411611529769,93.56450670461322,3.186309475063029,21.099023354850978,3.780993713558527,109.70481040027529,1,1,1,176.3511205914828,READY
2023-01-01 02:31:00,29.553992737041572,21.060750913839314,49.307837396710305,30.150102805615646,71.6454910238168,119.99068149070035,4.238891872424074,13.207106465459457,6.835238717487075,115.16682270526995,1,1,1,115.22527904761812,READY
2023-01-01 02:32:00,22.53163643186968,17.66042654155146,48.055753143095515,64.3325833422931,71.59949390496396,90.45870126368425,3.1124736883219817,6.221412012785976,7.570511554419251,101.33163846401337,1,1,1,54.91475627963698,READY
2023-01-01 02:33:00,29.811235469771347,3.7131592753727087,48.688457694066585,32.09810850813376,75.38894928774485,81.10383416434311,2.9769743584952417,20.15307423523165,2.500419804416807,121.99645629211906,1,1,1,161.78291222851988,READY
2023-01-01 02:34:00,26.035716772919777,4.193617629932117,48.854970150305746,77.21813833823423,78.28540864886129,91.38950925746042,3.495311778485511,9.542684170203731,2.577716280338503,122.5538465155737,1,1,1,147.95357018301348,READY
2023-01-01 02:35:00,25.71832326437809,21.63501749649848,48.204325409559225,89.50849508180823,63.37650554413051,118.63552430164754,3.624341007254909,19.611771829274602,3.839403077161547,142.62398050134854,1,1,1,159.1839897610394,ABORT
2023-01-01 02:36:00,22.594464649795587,-1.2253758397757282,51.20297424266102,57.782319451453084,74.71059906009495,100.58242544469555,3.8476850107076466,9.19741983124901,5.259134183278423,115.67141201279917,1,1,1,153.23207985987364,READY
2023-01-01 02:37:00,18.412604296566503,-3.041453848544041,46.756939272100226,56.20761610261126,75.66434520676248,85.24074367691027,3.0156753245253842,14.785346046424632,5.520450717805465,123.80668923430818,1,1,1,128.05773523837232,ABORT
2023-01-01 02:38:00,31.717747689855138,25.959022708806646,48.10722732041859,106.17834763813171,84.19515295762051,100.69439880886644,4.078521259762006,20.14132863901247,3.535350208321691,95.06759564283415,1,1,1,115.1601446908545,ABORT
2023-01-01 02:39:00,27.283388857871813,-0.5824310721890189,47.858595849035865,85.96775296216877,99.0949725202542,114.18983708123977,5.41550582555015,24.76442961993173,3.5774431787972496,108.50416157051768,1,1,1,47.54731366287701,READY
2023-01-01 02:40:00,29.04176989709844,18.396253220609523,50.686684347598984,109.69275326701703,87.78584491918348,104.0723104192688,4.630773853259772,21.50599899881813,6.079356803980496,139.20998946148165,1,1,1,81.3574567095669,READY
2023-01-01 02:41:00,28.626128920131656,9.182417014746676,50.002137354179034,27.72039497450192,92.93630722675309,98.11112157538568,4.559237554323684,8.77549726696554,7.698910782966376,99.65220099029351,1,1,1,178.60309407988248,ABORT
2023-01-01 02:42:00,22.72476723993842,-0.7026052937590705,51.458907028463685,97.33066738624713,84.5258717810519,84.63245166065728,3.6811807152942095,17.909196127880996,5.712217332186248,112.59278803601322,1,1,1,152.25525596973964,READY
2023-01-01 02:43:00,24.53453042648787,24.416110956608286,51.55756178668495,49.27532866022968,97.13092036972827,86.35461815926506,4.3244954351121745,24.944478883087978,6.112288763861354,110.92773102727206,1,1,1,132.54773233358657,READY
2023-01-01 02:44:00,30.662185347591173,18.336848742166914,50.72748908592118,38.557441593499846,79.29674359559563,100.63767014095859,4.048175134189247,5.301511084912467,6.394963527737199,122.05906443245377,1,1,1,87.00645975828442,READY
2023-01-01 02:45:00,31.910287253837083,27.330847878260727,47.40907259728833,90.62524632836708,86.26322758840789,95.94222620522936,3.9237104828914022,15.715269359119661,7.9326584585994695,108.9394293646379,1,1,1,78.97065781437999,READY
2023-01-01 02:46:00,19.617874430178254,22.093340017656853,47.749955543015204,41.92411233615452,93.87524925451105,100.25181389302941,4.493826634400676,7.575537379586674,5.710319131793288,134.71513902495752,1,1,1,57.122899389775995,ABORT
2023-01-01 02:47:00,32.236235950530556,0.11027501218909475,51.42422645498877,86.77901466609751,93.14880291453642,106.5247591091827,5.102647956229336,17.763842960785176,4.217441739777952,142.76304577980437,1,1,1,101.60486147442045,READY
2023-01-01 02:48:00,22.83800240861303,26.183701365115862,47.436659326318185,31.431416918884995,82.10392762368413,80.10527302680286,3.1198889417494517,19.08920870304112,3.451490013429879,96.60444731809187,1,1,1,55.77936336467898,ABORT
2023-01-01 02:49:00,32.62006448956417,27.88357699965775,51.06258034385894,54.50926980820419,74.2793121665932,82.63070043557171,3.1340943380726256,18.778339568799773,6.847968400012252,116.49166708633729,1,1,1,152.39094134364467,READY
2023-01-01 02:50:00,24.156433074165705,14.499544239649115,50.48909036864637,61.08186291818318,80.47296100721982,102.15359691456848,4.150507385313721,13.294978012486647,4.026752638102283,117.08734572283156,1,1,1,163.03911920214767,READY
2023-01-01 02:51:00,22.61313811059908,9.764180725298436,47.72775488191776,42.32853511241109,65.04409713907191,80.63471885903898,2.50323124745318,17.718325323367353,6.8308938995333275,133.1761924401787,1,1,1,175.4251583263761,ABORT
2023-01-01 02:52:00,20.734148490714595,11.919528942605169,48.16333619294055,86.69027000543765,71.88370509028586,82.09338040410672,2.842203403263687,8.401109444806673,2.418498460368358,135.0772670532201,1,1,1,94.65845769120821,READY
2023-01-01 02:53:00,33.507005545869006,10.996075983429495,46.178767380163535,109.69833313338425,98.56792122394407,94.6945987906021,4.310256765479018,13.543499948454782,4.687407183354722,109.37585611286222,1,1,1,138.64781091302694,READY
2023-01-01 02:54:00,28.27563287179464,21.699158778609508,49.924734618059446,103.6106895483008,90.53288235256349,112.9479490256515,5.1050554263761905,17.01755178563772,5.0039274986594595,100.26161719168363,1,1,1,122.41778565302275,READY
2023-01-01 02:55:00,25.28289162769429,-2.446006863587046,47.34867050738355,114.14612231855,98.51282453817812,107.33673397851084,5.006669651033107,9.803077208437273,4.586904225896453,124.9180114008062,1,1,1,134.39455045826054,ABORT
2023-01-01 02:56:00,21.889239643964615,4.514158573820321,49.078416542858285,119.1823825248886,73.7512410888954,91.69148602855887,3.3188596466537734,7.384758315590487,5.825555185504204,144.22133372753035,1,1,1,164.6533100910239,READY
2023-01-01 02:57:00,18.869885061545546,16.864963071533964,51.080906549918126,39.361114163110486,79.02033529191527,100.11712531118276,4.04115804421238,20.451577321084045,4.840500794453883,127.83707450570463,1,1,1,165.5660641949097,ABORT
2023-01-01 02:58:00,33.43691853325214,22.139016348951717,46.29394287128459,58.17971799671409,89.56340141669874,109.71323606883608,4.548977358007286,14.94563891721752,7.575614008855199,113.98083635974896,1,1,1,146.29438436151437,READY
2023-01-01 02:59:00,20.356139112180482,14.74870984464803,50.43274490660327,41.746162186705135,80.12585465529838,107.39316330579744,4.339722062042907,20.58621852900326,6.655166187394036,131.37122743612662,1,1,1,93.35697670248065,READY
2023-01-01 03:00:00,32.8385489414608,13.549423293148351,50.10927485014513,59.502178843453116,77.86049132065385,92.55039171228665,3.610883851750398,10.291075309312344,7.8364641155041905,133.760693523983,1,1,1,97.80712870479198,READY
2023-01-01 03:01:00,23.57371372237841,14.38034121265423,46.15036939855633,116.52434152850601,73.90390728531047,102.96052032963264,3.5116668696460493,6.844544219366129,7.806480630085119,119.25302728110462,1,1,1,135.43730044451428,READY
2023-01-01 03:02:00,18.797483375487097,22.288302239629374,51.6344490099154,59.670048948915095,98.75926631012902,89.6970013934966,4.5739912192413446,8.640930265498099,3.5013360963088864,121.22691801393626,1,1,1,108.71441085335498,ABORT
2023-01-01 03:03:00,30.451290717893386,1.3593220519211355,46.50127308453966,79.7713859224089,64.63565236379868,98.70275338665297,2.9666495568799545,13.202708462788582,7.383974104607305,104.18395059550478,1,1,1,169.81884366965818,ABORT
2023-01-01 03:04:00,25.076130049922412,7.343627231744769,47.596240746183724,110.9921942863612,97.28142285563098,94.08265562013906,4.35624336636469,18.17347257751802,2.650412212118521,144.57581485309044,1,1,1,131.86013208961373,READY
2023-01-01 03:05:00,29.691174876532962,9.344020441665132,46.19854618370152,40.74419751477802,82.8810129614096,81.70219737940212,3.1283626804940425,14.339355630786674,7.972081525701298,118.25020529811586,1,1,1,73.39109847402194,READY
2023-01-01 03:06:00,29.72443733607235,17.98069660119595,46.06011938234654,117.43318412115993,94.67235946252148,88.72862975993586,3.8691185339082477,18.731994749802375,3.6421547266106957,102.73704734273028,1,1,1,151.0847702843761,READY
2023-01-01 03:07:00,24.086803404440435,2.1119299620359895,46.78634800512094,86.84041166028469,99.58658044222838,81.84205294620463,3.813260560464198,12.347099242003006,4.147621314280348,134.95830599093733,1,1,1,131.81796044027027,READY
2023-01-01 03:08:00,29.912027761881767,-3.055084049322626,51.77114912738455,31.78086477028892,63.827958645957345,94.92240000359085,3.136660176707158,14.702055729683103,2.680319514351567,101.31279801042153,1,1,1,54.51213050652463,ABORT
2023-01-01 03:09:00,24.8821093221092,24.567342205122966,47.074023973027636,32.399818483253156,76.72953817750887,81.30021649468992,2.93653790095999,12.874275637259377,7.693108720360795,126.75322404607915,1,1,1,177.05611708561162,READY
2023-01-01 03:10:00,27.52907015201926,12.158885821733989,46.16573566884491,114.71070991722954,65.05929506331384,113.00017879586625,3.3939719172767098,10.14885743196393,5.970130763470722,99.87939072819886,1,1,1,59.367987151282485,ABORT
2023-01-01 03:11:00,31.04025849946702,20.918064232092803,49.29016422970116,97.91062853110392,85.09804905751221,118.36415728723894,4.964780805942884,9.141150851403541,6.861839491399763,131.4583906420986,1,1,1,137.7832239275536,READY
2023-01-01 03:12:00,25.238816666502288,2.494676414142086,50.767934798826445,70.91618953812663,91.8635064844368,104.24174410824179,4.861543597449167,20.92112984856909,4.035972023479948,124.73647431007738,1,1,1,73.08744738938286,READY
2023-01-01 03:13:00,25.683434681838506,3.2617332061647755,47.502434301345566,110.69141898262593,91.6962731878152,81.23407947043148,3.5383909408149052,23.634703565352446,4.205284464730842,132.41977880642145,1,1,1,115.55603007357162,READY
2023-01-01 03:14:00,25.614391272485744,22.07278256501287,48.82232733075626,22.216621022709695,61.776350591032624,111.12247763642307,3.3515263883210067,20.384231500142675,6.9900040157354315,139.13862843803963,1,1,1,155.35788971694873,ABORT
2023-01-01 03:15:00,30.91358320994138,5.168331401729022,47.218933696915336,101.10215295111004,69.8809898243905,81.6480356653601,2.6941449890053084,22.08673966291197,6.505104502836419,122.16775462352332,1,1,1,116.67762773912372,ABORT
2023-01-01 03:16:00,24.106884081968474,3.1448582238602576,48.35951552934977,37.055334590388526,73.1637863649669,86.47187128707994,3.059517712061349,21.49576644452775,4.6528151155670425,102.03906980718818,1,1,1,108.8658311672031,READY
2023-01-01 03:17:00,26.800097786219382,-0.07673154236291513,50.47215359010939,112.19766888583625,99.70192538472415,100.83520824201005,5.074199997283153,21.072725352677416,6.2141211075696425,118.11267449804166,1,1,1,53.40396899284401,READY
2023-01-01 03:18:00,32.234500168464905,12.49886802320136,50.49516896826558,55.41558948367187,96.01038438705206,90.9078388438421,4.4072671012385,7.996559293349746,4.603126217952097,103.70179227787895,1,1,1,141.11504543417806,READY
2023-01-01 03:19:00,27.2491415902021,4.856519225785949,49.41269281005896,63.222512975808044,96.6581004171788,114.61515600571951,5.474176900551955,17.261843520794358,6.232700314242673,123.57552997633391,1,1,1,132.26484986592442,READY
2023-01-01 03:20:00,30.109112781603095,20.94604478746141,49.872831087865976,87.46170578479308,97.70302892892491,86.57144978042419,4.21839011213976,12.767752224954696,3.8001675922174574,133.42889726027187,1,1,1,101.06000818900613,READY
2023-01-01 03:21:00,30.851902663467477,17.246196626289077,49.13962087615938,91.35834789383438,76.19199546152169,105.1480956386002,3.936792827809809,18.965820310156687,4.538678560605675,128.56555740122892,1,1,1,159.0109775038352,READY
2023-01-01 03:22:00,21.707364337132095,3.8228400585978672,51.32528991254435,66.60766945272587,70.4916811750688,83.93369995656772,3.036726277564459,22.50095518880626,7.096766579595089,140.6677044917111,1,1,1,50.05992688358143,READY
2023-01-01 03:23:00,28.786809787496587,19.17284030037851,51.71921004741085,29.66530568285695,73.16228938117257,84.91739211492829,3.2131856439425173,21.067849207330795,2.673339414382217,108.71978040165085,1,1,1,54.588547045084766,READY
2023-01-01 03:24:00,33.50289623578368,26.791375457462987,50.57628231477189,30.087735654909537,64.94115838516863,107.72237050907303,3.538122257506944,24.71895718981655,4.947996897727577,100.58096540986921,1,1,1,53.04340131504293,ABORT
2023-01-01 03:25:00,33.84608900332607,29.20704020074298,47.01303339086571,96.7322187712409,70.21316408780635,95.30382779075077,3.1459162906744167,13.072650084091242,5.549663841363368,131.94269893523582,1,1,1,57.46021364715199,READY
2023-01-01 03:26:00,19.876025635334273,26.52788191538325,50.867482623357525,109.81781814779123,98.26882768286737,106.04077185809561,5.300647215581471,13.236262341346999,3.3971484279322715,142.04649665407166,1,1,1,175.56805339151734,ABORT
2023-01-01 03:27:00,18.126083708208466,6.582205074757258,51.83732388729632,40.19328263519673,72.25211900819606,102.5125417258369,3.8394601392787853,18.223676873784783,6.349504575857818,107.66842115033873,1,1,1,58.2804375462539,ABORT
2023-01-01 03:28:00,25.077938050376396,-2.4498055322940635,49.76525870024823,111.78117972121241,83.93560555115045,97.39735670437112,4.06836270668316,16.64222645499303,5.965349526085046,97.66725938773725,1,1,1,117.56768369864056,ABORT
2023-01-01 03:29:00,24.892488700732933,0.7943397925767233,46.78407401879448,66.76186611465957,62.81906923952581,113.84271696248055,3.3457600215100896,6.228283871306147,5.357052139970143,97.13268662442582,1,1,1,123.31027227801464,ABORT
2023-01-01 03:30:00,25.949066309960152,-3.6893172994360643,50.06400273032803,42.64066622104907,61.09443254184923,110.49802822974075,3.3797278713362817,14.594680867810585,3.5659848617504304,103.98517933447354,1,1,1,133.64946862407538,ABORT
2023-01-01 03:31:00,25.000127853520404,-0.3494575828608051,46.30899356962191,113.67435889106841,66.37732314280873,118.77591457879495,3.651013678518185,22.96012619704972,4.76640142310235,127.7682160979594,1,1,1,101.07858107563142,ABORT
2023-01-01 03:32:00,30.199862731115964,12.027357899748235,50.37514835445329,38.36228409822114,65.71648082543373,80.54461761722742,2.6664114202519884,11.364118728729988,3.2426663508746363,103.347780877402,1,1,1,103.26812486714749,ABORT
2023-01-01 03:33:00,21.95333613683275,12.433757788824487,48.35094170405364,55.73935353731794,74.91232404820705,113.88848923918411,4.125133800244867,8.061037076677668,2.3926958051284446,144.72131685630495,1,1,1,133.0283319093292,READY
2023-01-01 03:34:00,19.042941462788242,7.295135986112795,49.47182229227185,52.164244960645775,63.656964755658315,112.91504264589366,3.555949935179538,9.313388041568393,6.547350564436979,140.77380151356255,1,1,1,71.69032611709301,ABORT
2023-01-01 03:35:00,31.95440214579488,6.0863175754087155,49.48189877442003,35.06128621276375,62.64121290693481,84.33772229440905,2.614137232209241,22.76830787144617,6.80205768752848,123.31385742198626,1,1,1,55.456866260816135,ABORT
2023-01-01 03:36:00,19.610001816166818,25.989921061073833,47.91303439104478,35.60844064216743,96.60496881656246,100.76770155635437,4.664171313024371,15.404688234913808,3.7140870992532276,132.48442607616823,1,1,1,63.70993195330847,ABORT
2023-01-01 03:37:00,25.63083877521875,10.882321387475946,51.202488205099854,62.487699400780585,86.62375772980982,86.586845166435,3.840431311195918,14.734571340548442,5.5360956605631255,95.98586930097922,1,1,1,154.31516437345203,ABORT
2023-01-01 03:38:00,20.744418407854766,24.10970347479692,46.188093732815624,43.72089385109874,61.15003107774746,109.889308329442,3.1037173246315146,23.627474096364388,2.975341068502895,113.33194842155896,1,1,1,99.10387718547453,ABORT
2023-01-01 03:39:00,31.455155914901965,29.31466775957462,49.38218504947887,72.36674599046718,67.38235446287304,118.9910417967096,3.959412514484367,17.219825964231976,6.041690086427666,144.99252985275368,1,1,1,139.3198807268533,ABORT
2023-01-01 03:40:00,27.87784778052002,-4.684555000452593,51.30251605785897,102.28038798359599,94.02856251863884,117.24478271724749,5.655773229054199,8.889854948629134,7.0762426605053985,118.40848311026203,1,1,1,176.4070534021608,ABORT
2023-01-01 03:41:00,24.677794946704708,-3.467334622247373,51.70467386239081,118.8139767154447,84.33103403818339,107.15716832566508,4.672383238260425,21.794636788719043,7.3149273804974495,133.30595390986713,1,1,1,107.24256246538165,ABORT
2023-01-01 03:42:00,20.45883643652588,-0.22829845512088198,47.91197133067175,84.7777845741518,91.84275237989887,101.11413490815917,4.4493933473434115,9.01037043803842,4.198227781607094,123.4598201342518,1,1,1,46.836717139722836,READY
2023-01-01 03:43:00,28.83066353710707,12.26024575263764,47.20309747358283,101.79020149908213,79.71383156809833,105.14849920667375,3.9564643882718227,12.103412272801009,2.218906211932876,101.4413397484463,1,1,1,99.85772974436912,READY
2023-01-01 03:44:00,27.38008369760616,21.02278408162624,49.13504941926085,80.79488022546292,67.95532844689905,81.88576417533972,2.7341561847045415,18.45157726003304,5.917621635620699,142.49130532712138,1,1,1,111.33994397648624,ABORT
2023-01-01 03:45:00,24.498050171285836,-4.146854459427549,51.099162314316416,102.4362694450048,98.60852057919448,102.16752657280273,5.148030405015412,9.738145020330425,2.663031923063415,100.92103428733772,1,1,1,115.75013935005381,ABORT
2023-01-01 03:46:00,20.874331170337413,18.593877419924727,51.360375157964626,103.78047628365327,79.1864920576846,109.57509366534369,4.4564715891499,14.706412905282921,5.4787440921382675,115.15078589659434,1,1,1,84.16927606849501,READY
2023-01-01 03:47:00,19.878677040702534,13.528094565947804,51.953147558049906,89.3175653107255,64.2040288642447,93.60412060112634,3.122260343567712,5.324457964042506,4.45528766490319,112.05644236552003,1,1,1,89.40964425761328,ABORT
2023-01-01 03:48:00,21.87190507145703,-3.8827877313517916,48.713829259963774,119.86832290741243,75.43234417484717,88.94957877540024,3.2685397405034373,14.170924590716217,5.632580820395875,136.30695502786307,1,1,1,151.23465257900986,ABORT
2023-01-01 03:49:00,24.21581870274764,1.6080230265448963,51.01939153729835,67.10971629359041,89.62340175241147,94.06397750636614,4.301104930999685,24.22732932909893,6.729594828505676,135.4228619927717,1,1,1,55.75524851310995,READY
2023-01-01 03:50:00,24.850694748254703,-3.838372886267762,48.552344209230725,60.24413218513627,82.97538117896863,116.64854073347624,4.699360582267536,14.35139087274,4.144049679798051,144.12502190229554,1,1,1,122.16090939977255,ABORT
2023-01-01 03:51:00,19.329469662749396,14.624584943297364,48.677111325465255,97.30671090020036,73.94295645220035,110.343288107776,3.971618545465549,12.957249525501258,3.240629639441728,137.17532523416386,1,1,1,83.47810598406468,ABORT
2023-01-01 03:52:00,20.089051697325377,13.007245033706777,48.65662361322956,62.83632425786811,85.92431569539903,106.76132257709502,4.463463589297598,18.199688557121007,7.952739479141058,122.31078386008659,1,1,1,126.82911630804918,READY
2023-01-01 03:53:00,23.792086211332744,29.01703086340074,46.39360086579944,109.4013107731364,71.13372830104284,83.18147710117417,2.7451133492721254,18.459412247656882,7.458504696319177,95.57165790089623,1,1,1,76.68670608092255,ABORT
2023-01-01 03:54:00,18.379197643709126,27.03985439408836,47.12191677488919,82.38501196051365,63.83284923607719,101.49733388020653,3.0529649074285388,17.37772047342489,5.408347829294223,137.38591435136902,1,1,1,151.4759856983629,ABORT
2023-01-01 03:55:00,18.811225895097724,12.053482774403538,48.83649129769651,109.00680031851347,66.22094873737159,115.0956572188567,3.722192158045785,14.050382213244745,7.002686145070039,118.52466051449912,1,1,1,171.44160553047652,ABORT
2023-01-01 03:56:00,19.033028082383026,2.6408772638619773,48.65289091262557,26.038601536326603,87.95397982097296,90.20421800913249,3.8600327754718453,20.530435714532533,4.761667925498422,117.1314677039453,1,1,1,98.07650877692674,ABORT
2023-01-01 03:57:00,29.642620368263202,11.9992855557844,50.85852253919125,54.51889456720008,65.19138941891369,107.44377906794836,3.562339053007723,21.355861218718402,2.8820074394698105,101.99187580884968,1,1,1,84.21056976575737,ABORT
2023-01-01 03:58:00,32.82877480830316,24.877375368185124,47.92328910075863,69.79629818815192,69.01446204548853,93.46396600274986,3.091227227220144,22.555805668787066,6.0679547667368166,142.23253372460923,1,1,1,127.49526574166327,ABORT
2023-01-01 03:59:00,28.015543539383458,12.520827878479125,50.09451517551826,35.12495800844754,76.68651409698526,99.1695777886609,3.809672462552306,11.785420079585496,3.047300646693995,111.46144409368951,1,1,1,167.06199683463583,READY
2023-01-01 04:00:00,28.853620554004525,10.692558850227416,47.63913707743088,81.43445239954109,76.59597931984038,98.92714244528389,3.6098181471528155,21.454010748601767,6.2262682866191845,110.75072833693987,1,1,1,110.32519785781295,READY
2023-01-01 04:01:00,19.83717994217478,5.26097638678552,46.11183692913362,42.445050597200364,79.63275404127889,116.58832679444615,4.281138013376663,22.1955513664625,4.837861315142207,143.08616766089227,1,1,1,119.1642011056955,ABORT
2023-01-01 04:02:00,33.71591532058754,11.323176717653045,50.288461698537084,90.76852668111566,80.51711417079494,105.79374830982636,4.283675421104168,10.741933022737989,6.932049260461637,96.40790679931776,1,1,1,175.6541324541277,ABORT
2023-01-01 04:03:00,29.040367409319394,26.601162208260124,47.094574793516145,22.733342063252397,84.45887950150166,88.17263719704563,3.5071151550342696,16.81784783358375,7.744166146709882,104.80660927440776,1,1,1,159.39621907263677,READY
2023-01-01 04:04:00,22.12158399943921,28.928889479437224,49.60350548887548,98.36758662612404,96.73353293230224,80.4815482393143,3.861764102117859,23.79482919568358,2.2963347595783086,103.3354924132662,1,1,1,159.85416329895332,READY
2023-01-01 04:05:00,27.531387894812365,5.8727306139219415,47.46721435321024,35.315401102462886,76.38503545185819,104.85115594759618,3.8016773286255354,12.690541904704084,2.5623950466630845,136.34244155773237,1,1,1,73.77469634746572,READY
2023-01-01 04:06:00,22.033364857886767,-2.3052522142426652,48.28665575877571,98.26850260872405,90.2366903936522,104.24580246242482,4.542227299815329,15.437635177482882,7.45899404809305,130.36611002144696,1,1,1,158.3334716619628,ABORT
2023-01-01 04:07:00,33.37083014676136,16.164316039442028,51.54262651935807,45.887550998507,91.58480477795386,115.37642703570769,5.44636891437514,8.16525029167993,6.138887114812296,115.45458586245874,1,1,1,100.48232552959797,READY
2023-01-01 04:08:00,19.400852790988115,23.86775837535688,50.98104301114962,67.0108021053408,88.27183185832605,118.57381956311718,5.336047237760368,5.458118348728962,5.672321688345262,128.93728326621604,1,1,1,130.7304636839669,ABORT
2023-01-01 04:09:00,24.520331526313683,19.17084321735623,46.98999347709959,93.15466664686761,76.0612178338405,96.49252153016224,3.448754776130142,9.991184392311466,2.1918889513982904,125.70279701153058,1,1,1,67.67251991699267,READY
2023-01-01 04:10:00,31.317127217264648,21.565621265361166,51.401952815169125,106.20831954941136,61.20621939431254,82.8678739241704,2.6071220932385133,8.871173694376333,6.779606098897022,121.61484438250187,1,1,1,50.4199987982575,ABORT
2023-01-01 04:11:00,32.53870075933641,2.4597564903476723,50.394524520542845,26.484448921662466,81.2354230452574,89.99059820570537,3.684053574147857,17.288778777233105,2.9441356429256214,132.19101235312968,1,1,1,75.85723393932645,READY
2023-01-01 04:12:00,33.15006708951327,24.34383298339517,49.32211748510981,57.83352054908593,82.55500865877833,99.30301645747977,4.043408144948896,14.376129591876492,4.334980661741718,115.74679786311228,1,1,1,75.74519308133304,READY
2023-01-01 04:13:00,28.51391564881238,2.84717087641969,47.98903413347846,42.122551063511835,63.83738727860953,99.63724569634844,3.0523815987572465,18.06927104846864,6.879982868376248,138.71172634530308,1,1,1,135.29762877748502,ABORT
2023-01-01 04:14:00,28.473702842980902,25.051732981929895,49.96883354641764,24.522130161216708,83.20510150678501,110.4578624203659,4.592464425402588,21.84794596956668,7.861281910754696,101.7186325877735,1,1,1,134.14075301930473,READY
2023-01-01 04:15:00,21.568383824393827,23.41728825471174,49.97850718484311,104.81177780556759,95.05050984348742,90.66509509891517,4.307029557097323,9.473154063307925,4.40808539977213,130.07533429889273,1,1,1,169.70427785058178,READY
2023-01-01 04:16:00,26.421292604018127,-0.8505306735323757,47.06865547127833,21.357561318592893,97.18579725410137,100.35121909453059,4.590470990800414,7.716333842296836,5.659193048934627,139.85012245212172,1,1,1,137.87577921871025,READY
2023-01-01 04:17:00,27.27831141360237,4.659260944656181,51.67845734488024,51.99034396710232,65.9717750467249,86.98609187538017,2.9656338471513695,18.036012056276505,4.6437466942432195,115.50967769648798,1,1,1,76.35168337118364,ABORT
2023-01-01 04:18:00,19.79044494192366,-1.1907041410452806,48.33412726054084,30.01557570479319,87.94430013256543,115.41865638347696,4.906113516535016,22.28063512933336,4.544440119984477,125.33013601892742,1,1,1,154.7762625966406,ABORT
2023-01-01 04:19:00,27.678430430047918,23.962596350053293,50.66485317245111,85.56508124391833,64.31957342769701,97.09703945409196,3.1641417567125667,19.207897792121216,2.2932936338260355,99.97232379866409,1,1,1,128.77675022879447,ABORT
2023-01-01 04:20:00,25.90080483404609,9.095711310244159,50.345268753256406,35.46270818519228,62.11443110384215,119.24312127358532,3.7289324055864403,23.68982368655225,3.4515078861675486,130.74841898623708,1,1,1,76.724171734457,ABORT
2023-01-01 04:21:00,32.04208218924546,-1.2149749377268684,46.60642469933027,81.92708142114704,71.02560466766217,115.16600429380235,3.812282076316346,10.456351638695603,6.026829612137492,101.05714286790764,1,1,1,115.2623285593153,READY
2023-01-01 04:22:00,32.237064124361154,-0.5309880495046055,48.71033947093895,87.37060994980776,92.35869777105611,113.31335056463193,5.097767668226338,11.908695633839162,2.4129626177244017,98.86883623457642,1,1,1,77.17065108214055,ABORT
2023-01-01 04:23:00,34.699619472214884,-2.006125621137065,48.26427268464444,98.5656014853068,95.80093256843439,103.70436330262766,4.795043287987788,24.141701558333114,4.917368481215538,96.3563857654862,1,1,1,81.88442860902913,ABORT
2023-01-01 04:24:00,32.80729000888104,13.751322619632802,49.844916070170484,43.22536235352608,64.16004886199907,92.01026141961177,2.9425362360984666,12.592495498245675,4.317606121865512,140.09046678556447,1,1,1,174.15626366323104,ABORT
2023-01-01 04:25:00,31.16619000933234,2.1148504695951473,47.597483070477274,42.32322523501394,77.47770775987723,117.48433154482207,4.332521250544714,20.35831898079694,3.4108668224665664,97.40699418057606,1,1,1,122.63680186365187,ABORT
2023-01-01 04:26:00,25.516049089142808,-1.3863942684516113,51.10574603443472,22.68893277176967,61.87088286877839,114.78587193505658,3.6294806321601167,24.005863011586676,6.737399030602073,98.21932043049037,1,1,1,53.96678765621134,ABORT
2023-01-01 04:27:00,22.053330714554036,17.53521793147367,50.738804800676505,88.27421784279153,64.04155168033407,95.89119854709179,3.115880732769243,8.4290375433045,3.472717690904353,134.3886733419582,1,1,1,108.08424784386074,ABORT
2023-01-01 04:28:00,32.8840828782283,29.038679814701247,49.52458677189466,106.78146166918485,76.05124291737381,87.61259392958632,3.2998463265467035,22.343155852477963,3.2660492497767377,128.42156985674714,1,1,1,76.60231696842655,READY
2023-01-01 04:29:00,23.793478528658692,-3.8690907463285784,46.32436167888924,102.11572038805144,81.05500910451326,110.47926416901205,4.14829922774357,11.221543417186519,4.705510022649328,95.31698407629663,1,1,1,73.95863880553992,ABORT
2023-01-01 04:30:00,34.829321227936305,23.176383665434816,49.59793593978338,83.91209639303509,69.90421218038578,115.55731992258586,4.006493198172857,21.487747064118555,3.4967003655067916,141.9548461865707,1,1,1,71.98859132629089,ABORT
2023-01-01 04:31:00,18.697268385836125,-1.6172118427760251,49.72458949876516,113.58377682466144,96.76949629443261,103.97250601754443,5.002973456509481,21.10368068531531,4.163877780725505,143.35203722815504,1,1,1,84.74520703219457,ABORT
2023-01-01 04:32:00,22.85665495925838,12.663009061041599,51.026568541211844,97.33102872066904,68.8270113304774,106.4006351709628,3.7367969158980823,24.00982246467412,4.745919938760492,107.79399876811357,1,1,1,74.45440835708698,ABORT
2023-01-01 04:33:00,18.02498618454758,24.057778923035464,50.08396288192819,27.146886716751368,70.78601642718174,87.17871050654132,3.090698194692155,14.534029019173044,2.5162455017069263,99.64816956700196,1,1,1,99.46217127287605,ABORT
2023-01-01 04:34:00,19.288816571023734,24.52026004670163,46.44206707375673,79.09098657543832,82.07433056312581,86.01293428094354,3.2785563621290312,17.267653507612486,4.023288379694671,116.30575865902439,1,1,1,157.55762457976667,ABORT
2023-01-01 04:35:00,21.088650535221504,26.04632858164451,49.36997640857905,29.134617946647783,98.25118166428491,96.64878672615473,4.688102608660098,11.831058144263988,6.050089515498621,134.85570341012544,1,1,1,89.35308971950636,READY
2023-01-01 04:36:00,34.354341513184835,-2.789636588465616,51.949447574712075,98.16397680756198,67.97821611448067,118.2586722596217,4.17622314540952,19.404848814862184,3.6624960036123717,127.55127146960066,1,1,1,161.575881667131,ABORT
2023-01-01 04:37:00,26.08529607869578,14.11622790121723,48.09943507174194,58.136340529832424,89.04709894969946,98.71713195720345,4.228168438707896,5.240085110745252,4.071737226153208,123.50151250514168,1,1,1,177.99874439183884,READY
2023-01-01 04:38:00,24.366117332318264,1.9701398213481305,47.03145175293426,97.07818531087946,86.44351195152677,109.81505204315589,4.4646010705762595,21.99910453384716,7.6434529697902125,124.6055915847989,1,1,1,79.94167371201718,READY
2023-01-01 04:39:00,28.363078444914873,29.596826526960328,46.090206656469455,42.74338429345294,78.03573522585975,85.45945664484167,3.073705888463989,22.686669307483086,5.200093263495284,107.52641335642713,1,1,1,156.75863202655955,READY
2023-01-01 04:40:00,19.48575221425267,-1.8353991487230998,49.47738694562417,33.797429833634,83.85715751510159,108.9129917061596,4.51883600043223,20.383623356385712,2.2924241855811633,96.43989473521725,1,1,1,99.23105321787287,ABORT
2023-01-01 04:41:00,26.479230926165137,14.887861100612671,47.22053649670281,44.27513836069939,98.52249269284995,112.0415888362039,5.212493988555284,8.409264569491047,3.740050022181829,135.26431808204057,1,1,1,98.7453160831327,READY
2023-01-01 04:42:00,21.62456870860865,20.724480496809,46.261841398777555,91.29629463579393,78.58387049790667,112.73747555690757,4.09849714111264,12.590388510006552,2.648707107756594,139.91859284794427,1,1,1,64.5741983294614,READY
2023-01-01 04:43:00,34.368107525440095,4.285099124733172,49.00168584655466,99.08421187373787,80.35890624221516,94.65582522627969,3.727283139355487,15.754106195715368,7.099253158368807,112.58391283903373,1,1,1,103.95397785973726,READY
2023-01-01 04:44:00,28.148325346875914,6.854656361399359,51.241639667913894,22.636641006260554,85.33588974874425,114.54572511178634,5.008799240909867,7.057520714521502,6.608597468313298,138.60644689972574,1,1,1,92.2727652336778,READY
2023-01-01 04:45:00,23.893169347825257,28.192230733155924,48.58343288979773,102.23398012368489,81.10206156445273,108.94218531780552,4.292558032427539,13.838545632577127,3.082808455493462,137.12424506988685,1,1,1,162.1373645671007,READY
2023-01-01 04:46:00,20.935593617266402,6.12837801611656,46.57111982232854,94.6835063280091,99.4066775661154,102.06880306032818,4.725255122030797,18.031101731857877,7.20542892367809,123.78558908937524,1,1,1,57.107404782908084,READY
2023-01-01 04:47:00,34.044498249178574,23.177999029337172,51.69646786878877,97.48262611293228,60.81132448620791,112.313004735833,3.5308183901605243,21.957859338837125,4.858510267728142,139.18070644995916,1,1,1,59.01820099479585,ABORT
2023-01-01 04:48:00,24.577750814782828,6.759078978813685,47.70277024342176,58.19466132209338,97.97632197761882,118.0991996513107,5.519651868124703,5.322479623051541,4.64739326012646,136.2690943891587,1,1,1,160.13502353151756,READY
2023-01-01 04:49:00,25.441325674182465,9.687117627124572,47.48929383778584,32.628549496786036,75.70444196672935,97.08291780893101,3.490276994715676,5.312198532919625,6.085676471506538,121.71342114193745,1,1,1,95.82879231535381,READY
2023-01-01 04:50:00,34.61465599902164,7.125090445767581,48.905886248078225,96.52399231981171,77.22527409067398,116.81538559798318,4.411848987862517,8.392766399195228,5.925490309524584,114.83039314303953,1,1,1,157.8326859279117,READY
2023-01-01 04:51:00,26.166360559996285,27.741434451962434,48.004662136978105,112.3316005560574,79.15518544304807,92.7156354257333,3.5230253421427897,6.75511215795278,6.743385156867451,138.03681974540393,1,1,1,166.68567955411856,READY
2023-01-01 04:52:00,34.74244454140508,22.63304989787212,50.995352869876704,107.44437210879404,60.36966098299822,84.92032903080242,2.614333611512525,19.46293128052769,6.325009911410587,133.4700310247693,1,1,1,156.49402976466357,ABORT
2023-01-01 04:53:00,23.585468917494723,29.560480616333024,48.801989707892076,74.68012163719014,72.15131208482944,109.29149998383507,3.848293159209489,24.29719130702136,6.384271258686408,121.87862891135094,1,1,1,63.89725191108791,READY
2023-01-01 04:54:00,24.100456228773616,-0.12760570660162873,48.71680597447982,50.395846189736076,78.29346645858354,81.78602716308357,3.1194888756777543,23.339228395580648,3.650450272478341,101.26888944881286,1,1,1,142.6162239879112,READY
2023-01-01 04:55:00,23.928408307220778,27.10874593278775,51.52811798125564,25.980927279994795,99.93362776651858,89.60188396404999,4.613952031305444,11.527998080269349,5.649667742972033,118.80892971200763,1,1,1,106.9557228896779,READY
2023-01-01 04:56:00,19.88871048755282,21.648461105328778,46.90505809758468,27.039228023570253,67.56853924919902,110.38780147639008,3.4985275014218007,23.028614001964176,2.7869161014420443,144.87163254578303,1,1,1,57.40885221856773,ABORT
2023-01-01 04:57:00,34.028251842667274,9.535682484033162,47.53322153715863,24.707952778396987,64.8444008037615,81.11328642530553,2.500125033643882,5.55391475010852,3.2028337405904983,136.8272452640501,1,1,1,146.45888830835744,ABORT
2023-01-01 04:58:00,30.05296859195046,21.705640068678726,49.805880433316275,54.057317069327894,99.68106360564249,111.01375613143901,5.511503431392215,23.18947550228125,6.361648533840659,110.18372603283007,1,1,1,72.2213438920189,READY
2023-01-01 04:59:00,28.8149795577815,27.91716715176851,51.033141133984884,48.80006800534437,67.22148098885181,116.94863880034772,4.011950334116418,6.953482202628298,7.701519302022751,133.137621732385,1,1,1,112.68652758331831,ABORT
2023-01-01 05:00:00,31.218030884146042,2.817669766309752,48.141499755548615,45.152341711251765,69.4828654952589,103.73363102092245,3.469899659083367,24.662623144858063,6.645816566139603,109.03573749644298,1,1,1,158.56469379215775,ABORT
2023-01-01 05:01:00,18.565083728798207,19.79154562740051,49.79589396852424,73.68332336368786,85.28118981923228,106.3126725538045,4.514730389547392,13.330110658509582,3.222216279155493,101.40762228566109,1,1,1,166.17973186227158,ABORT
2023-01-01 05:02:00,26.987617782779267,28.661157003429267,49.07899468067204,42.27826583016329,60.46420560041301,94.42517707588921,2.8020883046048217,8.069866208411579,3.6397533792903216,132.72476595722316,1,1,1,82.1006357062368,ABORT
2023-01-01 05:03:00,18.67242875846406,2.111992303138609,49.02991803480433,65.42960535597291,73.05841648417241,83.82225853197751,3.0025536794499845,17.608794543352317,3.212661510143591,132.1665185544586,1,1,1,153.55885628008517,ABORT
2023-01-01 05:04:00,28.206630711305195,23.631451119325373,51.37724537516102,66.89666052041319,71.42380284014027,90.69145498651825,3.3279757631928404,19.698656039507284,5.168615762553746,104.37492995975109,1,1,1,120.53393767001789,READY
2023-01-01 05:05:00,31.870730189722067,6.4497937924056465,50.0648480056111,74.85194012566134,85.37503972058856,85.23784798214065,3.643311437701187,5.833191233954422,3.906858117566875,142.84450093854346,1,1,1,106.79610979491383,READY
2023-01-01 05:06:00,30.718512119453386,9.307456478500875,50.15270147804573,28.84507391099234,85.53165514364127,115.24728834470918,4.943697891015129,9.180828658724982,4.735382812537418,113.03988685668679,1,1,1,76.56823158930362,READY
2023-01-01 05:07:00,23.786372355069556,6.58556555745178,49.2991288250862,27.976510276335404,89.1168605440778,107.56102132955809,4.725568258661721,19.61666826935182,3.163145035529496,126.08659286683825,1,1,1,170.88976745011837,READY
2023-01-01 05:08:00,22.776248207420473,19.53323796619849,50.9678596712117,53.25035628321644,72.07436669388197,86.20281325351978,3.1666398351026954,11.769633133335946,7.06142597520282,98.04159084062037,1,1,1,141.80911370959703,ABORT
2023-01-01 05:09:00,33.72811736695579,25.389363643558873,46.70751922300985,99.25721732716157,73.7979323110766,90.72659288781597,3.1272715713562627,17.02785657738329,4.592471258845126,101.80735892599715,1,1,1,128.37081720381212,READY
2023-01-01 05:10:00,26.742237491580987,8.162882883899433,49.72172366772318,72.86455223259611,84.2016647667253,96.52524395397307,4.041175967597752,5.497154981716106,6.297914354302185,112.3892846193909,1,1,1,47.17919938836135,READY
2023-01-01 05:11:00,32.08510920180248,17.63103332150927,48.78915940813915,115.60289331606182,60.485077014517664,105.149137471859,3.102967938241032,23.938994084253082,4.513168876841179,136.96037948403608,1,1,1,146.18399450595933,ABORT
2023-01-01 05:12:00,30.965086916353464,-2.2474117856350233,51.139037851562136,82.71933176317904,97.69560003634736,95.94979963394843,4.793708588762025,8.458935207668777,3.172346934360328,120.46772323463242,1,1,1,136.94537726454791,ABORT
2023-01-01 05:13:00,30.060172588356686,23.39185258771426,50.26193723053475,78.48896424056306,89.21477316055405,116.99534137851767,5.246196676912328,15.32649446361971,7.887087827000233,138.10870401726115,1,1,1,125.40948263261082,READY
2023-01-01 05:14:00,29.46165848192858,10.872588656418197,47.02102251307636,23.10553926559963,99.10448816676565,116.48279691364272,5.428091777304819,21.543492259448477,3.3890185167459754,125.28215622340677,1,1,1,149.5685760328488,READY
2023-01-01 05:15:00,32.04258436524673,6.845668493469846,48.27364488143106,51.0688024773288,88.39386213545895,87.61847606206686,3.738762656451922,20.0874430651897,2.493725364518844,117.2205837856454,1,1,1,174.46188184595948,READY
2023-01-01 05:16:00,27.550624003018953,27.59744928707613,48.68284157590342,92.605157462308,62.29020931958881,86.62322024822076,2.626818309261697,22.952724976767367,5.2134492550276015,131.07468802034884,1,1,1,168.79208432396993,ABORT
2023-01-01 05:17:00,27.98036968949551,-2.7199843161127193,47.72593040110683,96.10346628068329,66.48096600844784,92.85425993586159,2.946141202866957,15.290852990912061,7.68949998139392,99.71679760191361,1,1,1,140.8984924357468,ABORT
2023-01-01 05:18:00,24.020940800124997,0.5530527171173674,46.654780318022546,40.983931176965775,91.22462270663729,116.51419802510688,4.958919689887352,14.78714978987902,6.2614242357528465,141.75973635792332,1,1,1,50.625226577144645,READY
2023-01-01 05:19:00,31.85037143399291,22.803648815755754,46.05949157641957,57.54225992328569,82.51319511462728,83.5669505636642,3.1759751725574166,9.383777297323137,5.997322076096865,114.7314990077692,1,1,1,78.23070949029102,READY
2023-01-01 05:20:00,29.36510925146112,15.396237573046477,50.048676673277676,69.60568767132946,84.9136305269866,83.73306138870869,3.5585000683806784,9.16249674718459,3.3412330809413704,132.81821420284575,1,1,1,170.78060731565188,READY
2023-01-01 05:21:00,20.213607090559268,25.168975569883155,46.13002845579438,68.57475253339462,95.02663260067679,81.66941367444883,3.580045117826002,24.25943943808733,6.009075791426389,133.96807661888096,1,1,1,170.95372094605437,READY
2023-01-01 05:22:00,29.73844233633936,20.23265379760857,48.516077453516296,92.9350546572165,71.8023460889374,101.9086065202618,3.5500557936963824,13.818360850250466,4.5038373968431955,111.68129465998797,1,1,1,86.73569704284716,READY
2023-01-01 05:23:00,20.031064296560917,7.18971294275066,47.49363812412746,40.19395244837292,92.60416253619947,97.21283968201949,4.275526247079332,16.383928404292664,7.404877666240984,121.28325177805293,1,1,1,62.0681149705208,READY
2023-01-01 05:24:00,19.214325484710574,14.267544153018626,48.972253172619695,99.8286978156399,84.21834552197417,83.14160416469805,3.4290608436610657,9.321000811415958,7.881858227936498,99.25541798371535,1,1,1,135.79373221756245,ABORT
2023-01-01 05:25:00,32.563028660573806,3.48849165707084,51.1935255933866,21.797544348987003,78.4641469316822,99.8724854730178,4.011734238781827,16.862934973804734,7.088204816614802,141.09929793355332,1,1,1,71.44125693314771,READY
2023-01-01 05:26:00,31.445925370015132,6.97348191275284,51.58700633678679,22.869826976765054,65.07593529352474,104.18128267653852,3.497441385032939,14.513212273597828,7.314762589955082,114.39583577659558,1,1,1,136.1610180575583,ABORT
2023-01-01 05:27:00,23.30330699404269,13.786603544816856,48.68996379196278,45.86025675408055,61.05293761979391,83.4224949438102,2.4798715780258784,17.291280761166057,3.0233750111612743,112.4027724563458,1,1,1,81.60426695522324,ABORT
2023-01-01 05:28:00,22.216032551714097,17.885742063700164,51.960713961818854,83.1344539706079,85.27371434785807,95.5428682740786,4.233392784207515,14.132620853512734,2.6266828675460694,113.08600279630808,1,1,1,138.08880886588446,READY
2023-01-01 05:29:00,21.365278627953302,7.998113815816863,47.393452887061095,115.12953611716881,85.4320580701444,105.3101927000723,4.263925685103344,16.90190805258736,6.7806228899163,139.1363328590225,1,1,1,146.09803957473548,READY
2023-01-01 05:30:00,24.57061353543463,23.449063637930617,49.82678928641357,111.71392606727987,84.73654719138132,113.89762835527935,4.808928808728769,13.994509673725876,4.599233387330084,112.65132153366802,1,1,1,84.64253289468883,READY
2023-01-01 05:31:00,26.857354182179527,19.09825056434593,48.077789808587035,112.07829040516275,77.05511527639783,110.71819070765582,4.101709977146029,18.25034295947399,2.7364197307908773,110.27143166584835,1,1,1,143.02224157631719,READY
2023-01-01 05:32:00,22.454958024193854,18.352676608886263,48.42287656914907,112.69121113353616,96.8105431854137,93.88742566542457,4.401296973968157,12.566720506393331,3.1559410250385556,121.25916436183692,1,1,1,48.829109163906146,READY
2023-01-01 05:33:00,32.75966728418559,17.113007617009437,46.42790099273218,91.6333379853844,66.46380879353006,90.12615476672275,2.7810904732615285,8.605549209545192,3.442400457884034,100.1266742002529,1,1,1,68.54070916449137,ABORT
2023-01-01 05:34:00,30.2071256586779,2.7275872793982128,48.11412005108396,82.75375752614904,87.39101862958293,86.82604872042312,3.6508113042599963,24.952068314033255,3.509590253772185,139.22713866607467,1,1,1,142.76936650842714,READY
2023-01-01 05:35:00,24.294746121822605,25.409923963495785,50.79793768945397,64.4128752248505,98.88366221787496,105.09922798416387,5.279224724532661,11.283839399676692,6.368793287007482,105.11135252194669,1,1,1,106.1253779270476,READY
2023-01-01 05:36:00,23.11750323015057,14.819578862078181,47.02552889368725,107.2935240163749,92.08695231506852,89.2130552878441,3.8633157231452753,19.347335386779374,4.355914426055235,101.47011994009893,1,1,1,99.90189624741404,READY
2023-01-01 05:37:00,23.693678696435665,21.379821464032098,49.918485428101505,49.15744513901454,94.26841726886175,91.29563317589353,4.2961320371274,6.482843394046139,7.2667969473339245,125.14338379924115,1,1,1,58.53793013909454,READY
2023-01-01 05:38:00,19.74343492222511,27.164335623197104,49.80510638959199,64.84089609830218,97.83943327990926,87.20629321395351,4.249478412737728,15.820899154903678,2.45583978453067,111.06012962272021,1,1,1,138.3051918222613,ABORT
2023-01-01 05:39:00,18.319427470523387,2.435086213487658,46.94965955130834,22.6047007475557,72.21571621374855,103.97547833217173,3.5252920141543673,12.509598955288354,4.255961095673846,129.62070347573484,1,1,1,66.49310251973077,ABORT
2023-01-01 05:40:00,24.75669956885048,25.52492188729875,50.9003984134706,33.20444107511369,85.09709280929742,87.33337707384091,3.7828242049068446,6.798147907051066,7.762194252671655,137.71819860629944,1,1,1,173.93709208327036,READY
2023-01-01 05:41:00,20.636947765893463,26.89889161182958,47.79065847044411,29.853563672568978,99.73008729036852,81.51247935422617,3.885020517656739,24.287810656542575,3.3778837760074567,115.04351887942408,1,1,1,141.95912276389873,READY
2023-01-01 05:42:00,24.589407250101868,25.58400347116906,46.085079747986306,87.03663106226865,62.03406463820846,111.05079825762647,3.1747699890521117,21.72384916589942,5.669116856138563,103.77684797532376,1,1,1,120.95457579363163,ABORT
2023-01-01 05:43:00,18.55559535920112,27.4315796971253,48.70351672982537,22.73790616411935,88.17516016878419,103.61246046333582,4.449575349589167,11.886450430334953,5.834115466581478,143.95192850180746,1,1,1,71.85510460786409,ABORT
2023-01-01 05:44:00,33.12840924444283,4.077440629912125,46.73033173490778,104.4680335039741,76.78134282292895,92.33044576544654,3.3128326637664007,14.040393739886085,3.8672182582632963,103.8978679240551,1,1,1,79.23074221596576,READY
2023-01-01 05:45:00,31.33372019610091,3.2009512151116866,50.53377360827136,55.9539157957628,91.85105920971685,90.76024496722098,4.212709951758024,8.16537390807728,4.183449872519601,137.10442208418084,1,1,1,73.46732242524116,READY
2023-01-01 05:46:00,21.574558059665833,0.3534796122969883,47.84378829428702,77.42675807633711,77.7377526914115,112.10146952737395,4.169354736362685,22.27290476793954,7.5103912004396935,114.53094146678653,1,1,1,90.33981384432605,READY
2023-01-01 05:47:00,29.65298350571338,10.334486890170513,48.80472078314718,47.35895691539237,65.14950073075639,116.4149000317997,3.701531877754235,20.011724931152543,5.186439434005796,111.55171270742224,1,1,1,120.9957460731541,ABORT
2023-01-01 05:48:00,26.5634833981317,0.6568546788596281,46.74555460811169,21.732840658458557,96.77434717462185,92.89506795133173,4.2023597082848285,6.10519526484606,4.771150531186619,134.49643205015576,1,1,1,175.61542205369523,READY
2023-01-01 05:49:00,34.437554633843874,9.257952495610086,49.67361194068378,104.62346939305553,77.5795593793643,112.48295982492493,4.334707373145071,12.743980599289728,7.683516069310949,108.05879477508049,1,1,1,76.8554319719022,READY
2023-01-01 05:50:00,33.8875288149394,5.068007353869167,51.318613903966124,21.899157574079368,71.15133235131765,97.7825512625024,3.5704201020447015,20.501512603768326,3.405883579138883,116.56463828501458,1,1,1,149.34669764024414,READY
2023-01-01 05:51:00,31.46521950340322,25.939192074729434,51.30698010902953,98.32515024505484,76.88982842972375,92.31635487196054,3.6418662579264818,11.853205446967669,7.967874455995407,105.36414041726866,1,1,1,67.02496997242217,READY
2023-01-01 05:52:00,19.38884014784084,10.09330978717205,48.36569880075691,94.07685739182136,84.93251773625585,117.19656113442083,4.814224447044149,5.112432544776688,3.1330263474805524,130.79514001335002,1,1,1,58.731073009018075,ABORT
2023-01-01 05:53:00,28.325841097472395,1.109749904718477,49.49531844398876,102.99983952673851,66.51793514785122,105.35296525570153,3.4685634697325574,11.521067513871063,5.926820912229803,108.8194546577144,1,1,1,165.96294456351504,ABORT
2023-01-01 05:54:00,23.25010827269671,10.841219941878924,47.57756405999216,53.66431290489247,71.62240410233784,108.30894385582886,3.6907567119893256,10.30124308348727,5.75208777336015,97.46586409892745,1,1,1,87.96267902908386,ABORT
2023-01-01 05:55:00,24.34725858421299,0.3231733315445542,49.868955648616904,58.5516931954887,84.35060654153608,101.88416040248633,4.285733424056416,20.820966713394196,7.143329611403178,135.14980804770147,1,1,1,62.629001191243646,READY
2023-01-01 05:56:00,33.03238831655334,7.256316918615784,46.37240413353584,56.09971792606223,90.82725678665673,119.01759678689541,5.012876282322389,11.2824785764606,6.527797187236935,112.65027610580685,1,1,1,52.964875933901496,READY
2023-01-01 05:57:00,34.421053545848665,-2.334634975917199,47.85879071681127,115.70134430872241,85.53943961979802,118.3390558302183,4.844580999296621,22.574914163443122,2.0257021990665782,104.3306838977396,1,1,1,101.44496584785723,ABORT
2023-01-01 05:58:00,29.701479363234064,-0.7636337869079854,47.101839649394776,99.83559249001995,83.74202057204101,101.44729745552483,4.00149047241022,8.877736898205788,2.2765767549101765,116.45626375249071,1,1,1,158.3478272551835,READY
2023-01-01 05:59:00,24.437629015259635,1.9230222645526265,48.694505351326185,112.90468753678695,65.21629294761473,109.41831593331524,3.4747702423071964,17.937916322183582,3.166850977885428,110.34294319685665,1,1,1,154.0997836158535,ABORT
2023-01-01 06:00:00,28.946819972114945,1.3650620015549082,50.30778566767772,100.35851289452748,96.97459772394402,111.39715138989294,5.434596115495656,11.567115631282727,6.897658123113869,106.13725887074219,1,1,1,45.74656393105406,READY
2023-01-01 06:01:00,22.893771414454328,15.835518486398726,48.01737117762017,72.1581688546803,71.45951973728333,90.37775018994303,3.1011301908427016,8.682011276001473,5.351294706007957,132.95538275396405,1,1,1,82.8555640949504,READY
2023-01-01 06:02:00,19.146268690801815,1.4169262020216822,46.88103282499995,29.7316153595541,85.74808799893148,106.07873168506016,4.26432144525129,6.526883369178391,6.399090636872547,117.89090543373263,1,1,1,75.53864481356315,ABORT
2023-01-01 06:03:00,21.13074073906443,14.333153489659153,50.74514014315986,90.37813038436919,77.35192091286905,91.6802810989647,3.5986656264785775,18.01498019355852,7.550160254272643,139.0056312013719,1,1,1,53.69403464817506,READY
2023-01-01 06:04:00,26.439109265460708,0.9446651598705378,49.54022295491942,55.28889214340269,98.24956334393198,110.44035782589586,5.375469360291194,6.758634753871419,6.309491451973338,97.06950780149873,1,1,1,129.14373690330928,ABORT
2023-01-01 06:05:00,29.51565272726891,9.62555036670258,48.351577642564976,112.45700836349558,73.80221490933371,107.78947356104855,3.84641726820195,6.065706349713979,3.7565223115132396,106.49454410057342,1,1,1,103.76898011740977,READY
2023-01-01 06:06:00,30.676806080282944,-0.7324941804900096,49.66429928823224,68.63974444960854,88.20386740006505,97.86724360694801,4.287156099215175,21.298974388099595,6.475969145533572,102.86926248200682,1,1,1,143.90200131880522,READY
2023-01-01 06:07:00,25.02680058425836,0.7104634823296347,48.37758357911168,119.4906110669987,82.62319141373317,85.00223487776701,3.397633126492691,21.647262232594876,2.157167449342978,123.67483004416913,1,1,1,78.49802059805066,READY
2023-01-01 06:08:00,19.79053395718313,5.223665438521168,49.17599875393375,54.72515316536953,93.5481150964981,106.99103931230617,4.9219323103309565,16.635663378691067,2.6945231021326785,121.01019532884509,1,1,1,144.05088240008462,ABORT
2023-01-01 06:09:00,34.875501285035234,-1.6704552745958656,49.18704622250052,68.90473735069354,75.37974770598309,86.69526248667118,3.214406432625856,5.218524827131928,3.001526354087617,126.31975334792017,1,1,1,139.00911489217697,READY
2023-01-01 06:10:00,33.15404661704251,9.423084865852081,48.31149938863268,118.79093426579146,96.7977404620963,106.30203760976438,4.971155237521537,22.801769219696077,3.3910465434701056,131.87036673484712,1,1,1,170.6571640373424,READY
2023-01-01 06:11:00,22.775874566377055,20.35512368866243,49.5981633158566,111.68877029357232,67.96509995552707,86.36775841374114,2.9114088801914915,12.427306179848102,5.1133882959250485,134.6818650354363,1,1,1,63.08124419172394,ABORT
2023-01-01 06:12:00,23.989454680993127,10.625152881543736,50.5180869862588,74.35926571729125,79.29970265211108,116.69812449431981,4.6750077116931275,12.876473246246372,5.521879841166861,126.80251503917472,1,1,1,63.91775343624222,READY
2023-01-01 06:13:00,26.51609099863358,14.898337003249736,46.921420880620616,54.073428958212716,85.80603583257151,110.43982449524387,4.446463188402465,10.103035975774105,3.393051819853972,111.90199839825831,1,1,1,49.45946399361335,READY
2023-01-01 06:14:00,22.84573702779218,4.902450584578178,51.51148749404664,102.20652452848202,66.69003524375117,97.94695745295584,3.364774685941738,24.335026350848,6.111395674067336,107.16308921851727,1,1,1,64.74626169869337,ABORT
2023-01-01 06:15:00,27.201248201426807,28.2030068208322,48.018524484082576,49.252554959217825,84.27260630594093,119.93998940791936,4.8535470347375576,14.679126201988,6.5752146168212775,109.75386374565095,1,1,1,145.28446857958204,READY
2023-01-01 06:16:00,34.78926671799847,9.81286176943761,50.64457995593516,54.31112070839529,88.891863248805,94.84160816084426,4.269665893877703,21.841165838417123,6.695800226749398,133.1493576576749,1,1,1,124.65371941373085,READY
2023-01-01 06:17:00,25.550148801303752,29.527009119618533,46.67855354728092,38.47572928542499,73.02801774483356,105.4027921214188,3.5930148965529356,5.120206370160021,7.948757435834583,105.23562086283218,1,1,1,97.79377091284512,READY
2023-01-01 06:18:00,23.941680682715504,23.465381030117463,48.13919839870376,86.86926936326245,78.35838845958992,108.66232735188323,4.0988625252474336,12.652171821026762,2.885807508678983,109.41587375635969,1,1,1,49.42711967520103,READY
2023-01-01 06:19:00,34.2211245591654,2.0603697510887553,47.94527916801539,22.41124439266649,88.35940729865644,98.42869594573051,4.169849466619014,14.494404870496265,4.167054458270787,124.70209221102103,1,1,1,77.04859269781633,READY
2023-01-01 06:20:00,20.3889752686794,17.462860608861018,50.74704741091632,103.58658579843465,80.13497753355676,93.6208073653809,3.807196395031801,12.242254427888717,3.6565023717720138,106.84178798023036,1,1,1,111.87077153766135,READY
2023-01-01 06:21:00,29.174156558627367,4.784969678028531,47.430193112309546,53.942372615539625,84.2561346088662,82.5588395804166,3.299286303871659,22.09868767161319,3.696676379439915,104.18778201260982,1,1,1,49.236693944141436,READY
2023-01-01 06:22:00,27.12162235099309,10.059076287531633,49.81330200363659,58.26425235308436,80.74576716069475,96.3016323169708,3.8734570488126976,18.97594463674075,5.845887824604988,143.8856114059041,1,1,1,45.77232790636978,READY
2023-01-01 06:23:00,24.737093916286824,10.989308840638875,46.462096053727876,52.052566277560615,81.73495066886576,83.63059622662742,3.175936395084804,18.27113717534883,3.6066743943420616,103.33011166251197,1,1,1,137.87205412083983,READY
2023-01-01 06:24:00,20.508597508983513,3.1844961481654845,51.362585664597816,113.19813758164472,65.274563467217,105.41526039000182,3.5342261876976617,9.909944890798016,3.743716029895462,137.63964489173944,1,1,1,96.32580198944754,ABORT
2023-01-01 06:25:00,23.898550682400383,18.65252049286606,47.97202561012494,72.83141497497341,95.62134316392176,96.73892680651474,4.437559219690184,18.77425511433689,2.8386691311571086,96.56357215777363,1,1,1,147.23969374098397,ABORT
2023-01-01 06:26:00,27.579484352599298,20.522632248204374,50.598978812520755,23.085226060511392,62.774770922242425,111.08672209867547,3.5284912153848382,12.076178017499435,6.235723311605412,143.61030756657425,1,1,1,107.00336221381582,ABORT
2023-01-01 06:27:00,31.447472378345374,-4.236453640390737,47.4005249854613,94.53988153685467,91.17841953125766,114.8943843548033,4.965626088294157,6.091032918660302,2.7485439583504285,98.39840440642868,1,1,1,104.06450534794297,ABORT
2023-01-01 06:28:00,24.341966426674528,4.392199668435596,48.90288464824689,46.438907023952794,63.37739730295212,81.93668836406461,2.5394945493763323,23.296197884397074,2.056966140457286,109.13450753102768,1,1,1,47.51898270414577,ABORT
2023-01-01 06:29:00,33.55989229133916,-2.07559181333717,46.39746907851536,20.628701237911734,65.35575465396265,99.04456672480165,3.003369604942106,5.3384035818155695,6.172521409512504,119.46147893939154,1,1,1,91.81886476019871,ABORT
2023-01-01 06:30:00,32.63848011659058,29.6766769071128,48.10489876838197,81.89537128097177,77.35622760281636,81.20668054822904,3.0218739577876015,20.499349983404738,6.479736183498963,103.86999676211872,1,1,1,66.86926288066414,READY
2023-01-01 06:31:00,27.645216029996732,-2.859308407074765,47.41579664814019,45.97578390831076,90.21711113904286,109.03842999168432,4.664354579565538,13.91866972391818,5.726667595197204,98.42186382512408,1,1,1,66.7289170336189,ABORT
2023-01-01 06:32:00,33.13341117932727,27.278791962906155,51.20173955859147,45.54995053000272,63.26878853916236,80.80094328856558,2.6175239602088607,16.09834922415341,5.630465875774607,112.84319879347149,1,1,1,83.48032024742935,ABORT
2023-01-01 06:33:00,24.52862986978805,13.42076498153721,50.578150891621235,39.48038028228048,77.73916663184316,100.9976666013249,3.9711305861156814,14.174746774155903,6.9006373291685845,129.31268088981824,1,1,1,104.67871714932122,READY
2023-01-01 06:34:00,32.30684632012449,23.770556427057286,48.68759428588383,21.387224395960253,84.74741285404264,90.53665920478781,3.7356762396216716,7.4108475320068345,4.245789363685397,141.90623486725167,1,1,1,162.41208852074612,READY
2023-01-01 06:35:00,20.93200719555398,14.46870167404871,50.49157774439645,89.38116334548509,79.74216512328505,82.98643205011044,3.3412891283427597,17.232417625871463,5.390274449218399,108.18307555218307,1,1,1,133.75727223599557,READY
2023-01-01 06:36:00,19.202785623483912,14.516501602954229,49.976860560255204,119.37473741081489,88.88717157462108,88.4366543628161,3.9286230703838005,13.639860916031477,4.7174105774933555,134.92450312083585,1,1,1,176.458963236343,ABORT
2023-01-01 06:37:00,22.393036884853295,17.947929400364238,46.517952299033766,82.59259956326935,89.48279035079544,98.52990964007834,4.1013628360953405,21.330170242003202,6.8107373977911205,133.8662789721493,1,1,1,58.13889642482451,READY
2023-01-01 06:38:00,24.664833465553137,8.3422023439264,48.383439395275445,26.812903007021596,95.36094013169735,105.69473231133162,4.876638967413367,23.7352420137561,2.889000460553506,125.90225635042557,1,1,1,54.66503807926827,READY
2023-01-01 06:39:00,20.143903416448232,28.603191260966213,51.63584883517808,67.72595772266158,63.87510640356763,90.53403812261975,2.986034692212555,9.800500913631556,2.297654437780412,122.75796203406142,1,1,1,118.01915994854586,ABORT
2023-01-01 06:40:00,18.116524323748614,16.819331329238484,51.85348554937912,108.721661311787,80.82451128082963,109.46303273927465,4.5876314174124815,16.639097079155174,4.002038130960435,105.5810905320475,1,1,1,103.68562107314895,ABORT
2023-01-01 06:41:00,21.57800149064481,20.66385414568374,49.65243748756926,25.0880017146684,74.30821250508045,92.88025799269955,3.426895023091592,21.365728481969324,4.758223027719098,123.38821723355815,1,1,1,167.71247393326334,READY
2023-01-01 06:42:00,26.099007102716477,-1.7457460941858551,50.55114394790518,29.805143443342388,94.88204231647765,99.08301481172194,4.7524135403449295,18.253061808454152,7.266816791019898,98.50983020572525,1,1,1,179.75926479686947,ABORT
2023-01-01 06:43:00,29.22208183034611,16.886893755449872,48.497179045141195,26.06961826079612,75.72271851331453,114.40543595577122,4.201354570411011,24.006201276107976,2.2081144735029437,117.79899584247077,1,1,1,106.66238223840443,READY
2023-01-01 06:44:00,25.285023146038416,-3.211725358280737,49.137612072464094,74.0938593854475,79.08374098587007,81.08250985905146,3.150855132225024,18.738288005045067,6.772749643177367,111.86183404299405,1,1,1,129.36368478339227,ABORT
2023-01-01 06:45:00,21.5753923410409,4.272661676263686,50.905483176550426,50.1337460130478,75.38998137082719,87.89442066502635,3.373179931845205,14.600540601253389,4.149337417917646,137.39791627955697,1,1,1,170.6069523354817,READY
2023-01-01 06:46:00,31.78178694300015,-1.3113060704585946,51.32181134894556,54.142436189197014,91.60114602229075,117.40108123708143,5.519185357914414,6.625628672460606,6.107703012163817,128.53419791679298,1,1,1,123.25586091812332,READY
2023-01-01 06:47:00,20.60374463763847,29.299211837920858,46.36869000574641,56.172868843655536,80.22392275833438,107.54007453606411,4.000359794766087,12.004588453020158,5.938556769330552,95.26517433557436,1,1,1,84.0824123725047,ABORT
2023-01-01 06:48:00,20.913832317822806,8.786978492594201,50.732417331053405,80.28372202666706,74.19419914362295,89.34271176725352,3.3629053022605686,6.651702319504125,7.388934123646884,97.84665914303274,1,1,1,63.196508588393584,ABORT
2023-01-01 06:49:00,22.58340582872103,20.783509133357313,49.156430327897226,44.58682458255854,66.49579118067805,97.20379189003404,3.1772961912832915,19.481201615721886,7.76740576378536,103.49156899054034,1,1,1,112.99186892391144,ABORT
2023-01-01 06:50:00,30.33920930673344,-4.309432352889174,47.408812246160096,115.87391480698332,66.0684559668291,100.81754965075963,3.1578345354234654,5.275990620708022,5.97878220175231,102.36076160358614,1,1,1,177.3893060608993,ABORT
2023-01-01 06:51:00,19.627987072825494,-1.5874599664077458,51.84857516392036,27.435888966268344,64.02900576961,87.14538919825998,2.8930637140304345,7.558167659790258,4.342292674927142,110.90641838603717,1,1,1,154.99996030391912,ABORT
2023-01-01 06:52:00,31.286404516927526,24.735690121646577,46.04576056167652,69.20725482905341,65.74592860304783,87.00815916827435,2.634016523372047,11.5217014380622,2.6623782463796926,113.58942122252596,1,1,1,86.00809076617374,ABORT
2023-01-01 06:53:00,19.56351393530053,17.075567906502666,47.087900531271195,95.88014757225724,91.17072965492932,89.13361049026031,3.826539991377734,13.55979877939803,5.6262028788978355,116.47862034195624,1,1,1,88.97326366099938,ABORT
2023-01-01 06:54:00,26.29840772864999,16.644161670292917,51.73021856489418,91.91899112031713,60.387187189328095,103.4024793727537,3.230130484842238,19.45613129081973,4.374705162594602,121.02802707423882,1,1,1,55.36980792220943,ABORT
2023-01-01 06:55:00,22.268415841269558,21.281210232335283,48.94449701834281,34.84264732501288,73.44423329680633,93.75119731471159,3.3700659062742546,14.135961520306626,3.20517383202327,110.99189649054708,1,1,1,85.66507908632099,READY
2023-01-01 06:56:00,34.382906808066984,20.916110422730828,49.54668928748896,30.596566191524694,65.90723282372714,90.67105164264981,2.96084975984846,8.3912545552514,7.0873560130883995,138.3025155388337,1,1,1,177.56617579708328,ABORT
2023-01-01 06:57:00,34.20671357383945,-1.7258526159575949,51.429870689457175,51.56255835054187,61.615090307463014,89.78046045156967,2.845013621897151,11.951477195996176,5.708650053689147,110.0336151276297,1,1,1,110.06420287930216,ABORT
2023-01-01 06:58:00,24.157505563372496,15.255271275758417,50.49014440677901,34.26740370462346,72.06587016104774,117.25219989259718,4.266357529867149,23.71176426877837,2.3388175507196536,99.21642755006208,1,1,1,134.1393958893428,ABORT
2023-01-01 06:59:00,32.34559783462461,12.679744935714787,50.94754246797668,110.94560514875455,86.22085332665063,112.16684631880018,4.92719858282588,22.91596864314456,3.812532842458312,136.75660971630003,1,1,1,164.42915587505706,READY
2023-01-01 07:00:00,25.437279384570097,28.760548439512995,48.78073555591202,59.74202116142751,93.05190636106997,83.40725419619943,3.7859724027552297,18.148475522728262,7.5009150163430895,100.52366473263649,1,1,1,153.96027232922182,READY
2023-01-01 07:01:00,33.38443426980396,5.6892688483744145,46.06974847125657,43.7506836457155,72.50241049764116,97.96292856438437,3.272126210721337,6.54755603837428,7.682585411376901,107.47252884117599,1,1,1,128.37713002665998,READY
2023-01-01 07:02:00,21.718547371426805,5.108397782137446,46.744247980421264,54.95886977641889,93.9429871352759,111.13754025957721,4.880376455767565,10.902355923710598,6.633448288974081,135.2219298452958,1,1,1,80.07319012121404,READY
2023-01-01 07:03:00,24.07139595031787,17.95461016602503,48.65960194360007,117.72138956938154,92.35171577732537,81.87160769272523,3.6791444468092522,19.233036734889495,5.397195735815682,96.84402675620223,1,1,1,176.43734724792355,ABORT
2023-01-01 07:04:00,32.15672412382784,15.701771386715869,47.33504269777616,64.83769258659169,81.61749434115919,111.1550056304128,4.29432645054375,15.960432144146797,2.0314356211260103,144.71975039218788,1,1,1,64.44580143857831,READY
2023-01-01 07:05:00,21.93573415070003,7.902581373045079,46.989075823743754,68.94487544700735,60.80994280178662,85.86870490067604,2.4536149611853757,23.932227545925887,6.687637026246559,95.82302862338844,1,1,1,146.388220536645,ABORT
2023-01-01 07:06:00,19.965264845592053,1.3679066125491675,50.75392904674705,109.47959038872416,67.80376980225017,103.3142134939412,3.5553600065241873,5.079086763661067,4.382567058558486,98.14092714006193,1,1,1,120.50903395343398,ABORT
2023-01-01 07:07:00,29.564280231034644,12.110491578995124,46.60404675355325,34.72811199565858,72.28598262416003,87.70587286292867,2.9546523843808328,24.164668270107633,7.93775908889579,128.68124045317228,1,1,1,74.2114607102217,READY
2023-01-01 07:08:00,23.300079586697596,3.172623216918117,51.57575185496146,22.487034898382657,61.9077043390129,118.76488259673307,3.792087163165754,24.282698636519683,4.33893718383197,121.45220998413163,1,1,1,125.07485636134145,ABORT
2023-01-01 07:09:00,21.882662601648477,22.03513729068507,49.144430895688146,68.52056248355728,77.26024040901393,86.80721196010421,3.2959921853978065,11.224313232221819,5.3432901748473505,128.23607280331922,1,1,1,93.6212544734187,READY
2023-01-01 07:10:00,19.755590252218184,27.32942895535279,49.004194199931,68.26814620480187,61.35685479938992,102.92057166649666,3.094557318890067,24.842453861169037,6.291869150670683,118.94750095346411,1,1,1,95.53897831373568,ABORT
2023-01-01 07:11:00,24.38761114950283,10.143325367108845,47.1266579499748,94.59096468377635,76.47704824483381,93.26297035476216,3.3612978898899666,21.29902748304976,3.7025243917767887,114.2140971328865,1,1,1,111.7328710887123,READY
2023-01-01 07:12:00,26.60562254575988,14.53678335071125,48.152236408198846,94.64120315220296,87.42237373062227,102.80457806513463,4.327643843288447,24.51317323832456,6.023532658400534,134.4222192496839,1,1,1,170.92363678572394,READY
2023-01-01 07:13:00,31.173220305661822,15.804723926719689,49.882594488460825,70.0538633696434,70.49611142219229,103.52537690582366,3.640499838191733,6.962661522893361,4.631692536818872,106.35887185512362,1,1,1,92.00042099190728,READY
2023-01-01 07:14:00,30.745982123946284,14.058362516753789,47.44059836688172,57.33880345495941,97.18121413308947,87.79175358481226,4.047493897416182,19.03427569608987,3.4391021634868633,120.56973682271602,1,1,1,62.780571430196225,READY
2023-01-01 07:15:00,24.1247185474784,23.918287513038162,47.87370532880233,93.95331045420572,97.88782262372558,87.05404381523435,4.0795725445341295,22.536764816823517,6.244907536585623,110.3971285903319,1,1,1,118.7442089204265,READY
2023-01-01 07:16:00,24.85792456968808,9.19196474654774,48.93895748926655,42.701979209331135,93.57490886118825,94.48157603406982,4.326744552173204,10.910966212395973,2.6142916826573823,138.97964834152106,1,1,1,136.05557487574907,READY
2023-01-01 07:17:00,27.912304973980696,25.77617135986552,49.275241119270945,25.82048398179488,66.61350191694001,109.04800932011557,3.579387898124436,9.141560682434243,5.084589522511654,108.43795880294758,1,1,1,111.76803998743937,ABORT
2023-01-01 07:18:00,29.892192828279,2.301912057410716,51.91870755531724,89.39959907174504,73.03119907121605,92.80189766147927,3.518756066723676,8.873611624383514,3.452334321732015,143.99338625152572,1,1,1,156.3055512502275,READY
2023-01-01 07:19:00,23.453560405438434,0.07152364412852208,51.049158167401664,102.57746337882264,85.24380157850698,105.94810535735832,4.610463508261554,11.921882865622155,3.883715603946462,138.62177474336335,1,1,1,168.42644863503466,READY
2023-01-01 07:20:00,31.839479081081855,15.89215302539392,48.8876258488713,106.13077901957413,62.361002144080864,110.61442903267155,3.3722814576874725,15.589027293669403,2.7319657675147995,123.75487227714194,1,1,1,153.47629419901642,ABORT
2023-01-01 07:21:00,32.675733017309,21.982174970968025,48.42216833325981,77.02018062291606,61.41530284531706,85.33593343233613,2.5377730098569975,17.31242448644602,5.506066691339796,134.74870382009675,1,1,1,151.918132571841,ABORT
2023-01-01 07:22:00,19.857129049070508,20.011219156958415,49.865684769503154,22.755220877627206,75.64406923685826,118.08405976358799,4.454181877962092,20.197878333978863,5.173097625468197,104.72708689607151,1,1,1,128.63223890708795,ABORT
2023-01-01 07:23:00,19.981935453242347,7.413618207030165,50.941887514649,43.47633508748403,71.28467614897514,97.45433163493236,3.538933165024186,21.11298305428894,6.65567406432073,107.37437951365075,1,1,1,69.86510658413945,ABORT
2023-01-01 07:24:00,23.749762970811293,21.13698183321758,46.70531661572002,63.37178165888208,96.6521965892037,108.40802445439498,4.893724082169853,16.651155358354764,3.995474375371459,99.53247678760624,1,1,1,145.8769244219796,ABORT
2023-01-01 07:25:00,30.392892498007,5.089872896499024,51.77817243870241,118.20867275129478,85.64893191753583,88.56990914739539,3.9278497644596357,12.315037885656936,2.1664009977806837,130.68364132596597,1,1,1,113.59804906770624,READY
2023-01-01 07:26:00,31.3837461677791,6.433714225175899,50.588610411682716,119.96980942118813,76.25405342620533,105.09385811330482,4.05408658914732,6.596448811140931,5.882191532336284,109.99129668847998,1,1,1,170.93463977984044,READY
2023-01-01 07:27:00,26.67748987742933,29.963215033520775,51.75063081867475,67.91004090853517,83.37820545012256,80.6334924381536,3.479234187979636,18.009852540818223,2.796713787986496,129.85083497984417,1,1,1,69.47261452740177,READY
2023-01-01 07:28:00,24.212350718230955,13.775181537209491,51.311049341564804,91.68193207815881,84.9735312916699,112.79855106990232,4.918108257581895,17.24425439113856,5.262363150519122,133.18915685529765,1,1,1,93.34727276180078,READY
2023-01-01 07:29:00,26.25745645090534,26.768988015780238,50.69096225887526,51.446281547172084,74.6695810407108,109.57439657595486,4.147470805936388,10.388877926183863,4.910931977502616,116.41033017356656,1,1,1,147.7856156048352,READY
2023-01-01 07:30:00,31.041115058541696,10.388939021630687,48.951644943702625,114.23783927387574,95.63854185144619,118.31305779954073,5.539019767625485,6.765819545952554,3.283511099755648,107.70024951399863,1,1,1,122.12386594374688,READY
2023-01-01 07:31:00,34.30584552357576,17.674900578489307,47.07270321188001,44.10903920108328,99.88547908349881,109.49325830962263,5.148241079562395,6.951527965921014,5.039668425983018,117.25187885511828,1,1,1,76.53235504759677,READY
2023-01-01 07:32:00,24.30099423861914,21.04478933730934,48.20816058662236,28.975660516483806,67.2037043791975,100.91382759741828,3.2693728574170833,13.680162247487623,3.8919239766618983,132.15354369202643,1,1,1,147.4279450939448,ABORT
2023-01-01 07:33:00,26.452062949357018,29.71242147999564,50.2176872386612,64.50572414725701,97.64611207567252,101.72107839886658,4.9879560612036515,8.110202200646006,5.842328201303401,121.26502568223,1,1,1,114.45544213362307,READY
2023-01-01 07:34:00,25.716844203771746,-0.5706533236983793,51.09122979584984,92.28797800938197,85.41907153102133,95.69195253582775,4.176155095152354,23.514781027710004,2.3810146035520026,96.528219748914,1,1,1,57.57097588838379,ABORT
2023-01-01 07:35:00,24.826339651089558,6.994115026295528,49.479007279855054,63.8027653207339,83.72933248225267,117.6173483838688,4.8727035562017225,10.721547483057137,6.348253280486054,104.32258999305444,1,1,1,154.46096640876792,READY
2023-01-01 07:36:00,22.799014940151896,21.89800113977591,47.25554496250441,63.39211049879583,81.94144219487822,98.90420852784017,3.8297564054564774,5.06358661318596,4.7951781298409415,104.65940825903627,1,1,1,66.66179808619566,READY
2023-01-01 07:37:00,33.6784973150823,16.3151669123444,46.30345917520057,38.58882669291779,84.7683820351728,111.56244111420406,4.378903145373236,8.436299440004086,6.351771811950069,98.80301733505205,1,1,1,142.47766000493257,ABORT
2023-01-01 07:38:00,33.5731566285727,27.61411422537237,50.92458250113961,49.66929252308104,62.82390377931292,116.87227487308334,3.7390725673239107,10.468866704876245,4.580744414448266,127.74394929107066,1,1,1,97.05988928172762,ABORT
2023-01-01 07:39:00,20.067487940176388,23.468755489276333,51.694220727177424,78.05891572387677,70.631794115787,101.29003847662653,3.6983581569223856,9.067815309520377,7.570028325823846,124.84574775202859,1,1,1,160.86514188642383,READY
2023-01-01 07:40:00,30.24141252356867,-0.421497245272211,50.32598300082884,45.987959018510224,69.19642044636936,101.04582608589695,3.5187974953713455,17.54607031436994,2.6459920692989574,136.59657707908545,1,1,1,99.2796990994471,ABORT
2023-01-01 07:41:00,20.61073162762487,0.19698986446663014,49.72165697543837,48.726008713685374,89.52785677097376,102.36675334787279,4.556828779460684,17.16391623718617,6.627148409351646,142.0626211586912,1,1,1,144.5030892339198,READY
2023-01-01 07:42:00,21.751273841502236,16.82334076150483,50.493734530978514,34.757358098873354,73.37231717265409,105.50347109574645,3.9087372306505532,12.064382118980145,4.495065016760849,97.71852230498148,1,1,1,154.20559355676542,ABORT
2023-01-01 07:43:00,31.974371672381714,13.574683749845981,50.39750636459738,73.34488141828754,67.62729727527567,91.23016514808809,3.1093494989027697,22.672774234028946,4.4937845214882985,121.00227594643906,1,1,1,118.4214234218382,ABORT
2023-01-01 07:44:00,26.56337873363991,9.11477397528299,50.18199367077628,22.05990475903216,96.34905395221968,92.60414988324266,4.477399178400863,10.018934516033038,2.604072889193982,120.75037955740711,1,1,1,72.54354858649472,READY
2023-01-01 07:45:00,23.135774771477898,-3.8961968887005725,47.14300434961528,46.08837536619306,87.13786562231036,84.49139391746678,3.4708564246774354,20.542347595117647,2.6783747246085383,99.72411508960417,1,1,1,160.60124521654575,ABORT
2023-01-01 07:46:00,26.155816830306573,17.93862474490353,46.973967521385816,107.71645060261774,73.74188723507852,89.81775312462801,3.1112411755056053,22.072336917929302,4.215593804601264,136.7696619193788,1,1,1,91.44245212412616,READY
2023-01-01 07:47:00,23.82979003272937,-3.2174057037420796,46.39669349341285,84.72509842252512,71.84889598020277,105.33856162441563,3.5115148899743835,15.279331791469929,7.216420546827756,143.71990779346464,1,1,1,140.80649815165003,ABORT
2023-01-01 07:48:00,33.43339089312312,-1.7249535836152474,50.2474833204006,62.17862809238866,62.576559435762704,108.45564765055025,3.410186792337806,6.302105685794097,4.298345528741954,135.43788987959772,1,1,1,169.41081151054738,ABORT
2023-01-01 07:49:00,30.629934941581773,20.152526894961255,46.20204294449352,64.99463776509673,80.12660510711247,93.24958869758701,3.4521117563016204,19.536385650443478,6.748865651748211,132.86830553154743,1,1,1,91.18087211078799,READY
2023-01-01 07:50:00,25.12433491575495,1.1528095407965395,47.57240696874971,36.6279189111778,76.6810014695477,104.61002119690106,3.816068763102508,8.236401750652341,2.910303163883495,109.77651857955175,1,1,1,155.13528146492706,READY
2023-01-01 07:51:00,19.170597742375897,4.84371249701741,51.160433921877306,27.054628436286325,80.47563680798702,107.23805643770216,4.415171478846015,17.48501409266366,5.3555694275811625,120.255405963734,1,1,1,144.07853016021642,ABORT
2023-01-01 07:52:00,33.93313157289791,22.020621762795002,48.659533532299335,23.97407843823544,70.28183027459254,102.75755934873949,3.5141863273113323,20.23411948518929,3.317974286930494,101.29767419274265,1,1,1,120.55181083272815,READY
2023-01-01 07:53:00,25.946301028727422,18.457533194429615,51.630143103403974,30.22244177313174,74.56974851322624,84.79093108418056,3.264490517808348,7.98967385767368,6.651712541685161,141.23563670207642,1,1,1,147.20940956180786,READY
2023-01-01 07:54:00,34.79192409987321,27.14724058859254,50.96506762757034,35.325033200363336,67.70596010579675,100.8571753550709,3.4802168612726208,19.534403160819508,3.264753509009867,139.7877957472148,1,1,1,157.9031652096274,ABORT
2023-01-01 07:55:00,19.226499400702885,27.70833729536143,51.96916328627175,29.026870051277402,64.1309636532857,96.00629176812282,3.199728915025615,20.08856557374692,6.660655013736782,142.1228993784606,1,1,1,98.80292885912881,ABORT
2023-01-01 07:56:00,32.47178424973316,-1.024188668766846,50.84578925551172,71.30341335451692,85.60572385223858,119.74597455007104,5.212171771002179,16.543643602426474,6.342827090024183,121.90946844336338,1,1,1,144.38684267050047,READY
2023-01-01 07:57:00,21.459207943981244,23.680085707652893,47.685647382849204,20.59436896387355,82.65084897167918,108.85520665088667,4.290265890301942,16.31420463474085,2.0897385823444488,96.99967049814673,1,1,1,95.58737864370906,ABORT
2023-01-01 07:58:00,32.31415656090116,9.578440810898792,50.11107934573493,64.49490097759082,62.059760849251774,81.19538730581232,2.525080409948671,23.295386519120978,3.914593411855319,133.10989544515652,1,1,1,123.94612567799574,ABORT
2023-01-01 07:59:00,26.903480501357397,8.242284562761709,46.32451276230858,70.86761511178787,68.85014283604238,84.16784764256252,2.6844908447109894,18.63880003701734,6.9786413126815745,124.84980491051886,1,1,1,126.03855260083532,ABORT
2023-01-01 08:00:00,18.250228315373757,16.42214060217922,48.1977149929094,112.60137606547593,62.2647483465737,107.9146750214487,3.238539464034026,13.225689810926779,6.523617196670838,101.06317294913694,1,1,1,153.46136826019546,ABORT
2023-01-01 08:01:00,23.81616609186233,-0.4468889808439771,47.03597504794531,87.15275284006836,94.48789317789158,95.78335418551674,4.256928523084844,18.789627564696517,4.837358692958627,124.59878917854242,1,1,1,173.1015162380975,READY
2023-01-01 08:02:00,32.873589123163555,18.123086197992635,47.54090490457815,31.58079322499873,91.63485434601427,114.38223655710863,4.982952210173335,19.539238763323652,6.154381306304941,113.66709916534646,1,1,1,75.25244948295213,READY
2023-01-01 08:03:00,18.5737881034378,-4.181003968029576,48.5877642303333,56.61043506997096,64.54784322834556,98.82190701736246,3.0992876193261596,11.732011685738158,3.5343127737719464,119.6092427207049,1,1,1,152.94399515639697,ABORT
2023-01-01 08:04:00,30.587336107855233,17.57987235017467,50.01271720498163,115.18525184494756,82.61248908340602,96.12200262839974,3.971448804125869,17.397333890790993,6.107557460199011,140.13457164064548,1,1,1,175.39277205097935,READY
2023-01-01 08:05:00,26.56322500718664,18.341495640854923,49.80933543248039,112.62032780091272,84.45760569539038,85.89809783083781,3.6135416050082916,12.31850607260255,5.678968432974078,122.69811650478684,1,1,1,45.76743803912832,READY
2023-01-01 08:06:00,26.2186428621346,24.346856901276656,51.76862979861217,105.79114347471986,63.19300927802575,109.21705273261603,3.5729435952049373,24.099669709028277,6.548243028073742,105.8325702857894,1,1,1,150.68196027780272,ABORT
2023-01-01 08:07:00,23.435328581918125,13.75658430952818,49.041399437402326,58.51018024867404,91.72533576450027,91.92618730414694,4.135151378217318,11.989278699343819,7.821502064943656,136.89299841736647,1,1,1,122.18746079645672,READY
2023-01-01 08:08:00,29.288253578616597,-2.0251665202557225,50.16594912101015,21.86336560977488,68.32166324092462,90.2761395489415,3.094143438922493,10.690319244902142,7.169063656564001,117.22902333440575,1,1,1,106.59428898792373,ABORT
2023-01-01 08:09:00,33.37482697833891,15.358836203731574,46.97772226470772,48.93998637133636,71.25700253744444,93.07275689821947,3.1156027885068722,5.208687929881095,4.33399017183155,138.21851999527482,1,1,1,162.6598315110603,READY
2023-01-01 08:10:00,22.144952981061707,1.0713554509335879,46.52218143199852,72.4455444003707,60.519440676809225,104.77012555423363,2.949799112552538,12.674871793214123,7.539616124903025,106.91438727529986,1,1,1,161.55234579491156,ABORT
2023-01-01 08:11:00,28.582007950790754,11.615232349483684,50.580418774536284,114.82423531098455,78.61695554323592,110.94329790949241,4.411636426455679,10.725338866477687,7.420946059581752,103.98591756651624,1,1,1,174.62499192113842,READY
2023-01-01 08:12:00,31.333220966112123,25.40708346433644,48.78029831577217,90.83030132369085,77.94720655274602,87.33548125871413,3.320746513619771,22.057213596427545,3.2305108194993895,135.90623712995944,1,1,1,61.53834598935191,READY
2023-01-01 08:13:00,30.308137119354612,-1.5199920008039842,46.10796939743068,35.11848122784867,88.57291688498495,117.96960178382797,4.81778102456373,23.214761882597973,3.167045822523008,140.5760073996522,1,1,1,142.2412604985074,READY
2023-01-01 08:14:00,31.69861272458867,13.06204002997115,47.723665828792626,116.03360936377688,67.9682716562142,107.61725016015558,3.4907754524232373,23.060105048733657,6.326851265340475,132.266856351306,1,1,1,92.18174853621872,ABORT
2023-01-01 08:15:00,25.87445919427036,16.135207745559892,49.2028513445223,66.09076652564295,98.5923861456679,81.0362320917757,3.931089108954411,22.16220214142506,5.936491918998422,113.28129056146251,1,1,1,140.45304170602532,READY
2023-01-01 08:16:00,24.017105256420265,19.079531797826426,49.64312905381012,111.7382230263907,69.84065478033408,97.16226946508726,3.3687214379504713,5.4469986576707585,3.9847135418378086,142.02503508232618,1,1,1,75.23986108377485,ABORT
2023-01-01 08:17:00,19.607775424705626,10.071108537673304,49.30514299487278,26.13297404604407,64.42102245410611,81.73706184422568,2.5962042612964944,17.957922211987544,6.058336959277311,103.81657358730489,1,1,1,170.60270942195547,ABORT
2023-01-01 08:18:00,25.56743118575149,25.275778974425616,49.00981304001044,23.796799486621637,69.05588513410994,83.24091486277533,2.8172188575898782,5.7125325845276675,3.528197339218412,141.11745324133344,1,1,1,137.88724557720596,ABORT
2023-01-01 08:19:00,32.77704133756136,12.458818998686123,48.25717895350289,55.76126334226333,75.59306666263568,83.93289365275585,3.0617948643822994,14.59267121303046,4.765725735555575,125.49245770913106,1,1,1,96.45305483494813,READY
